motif_ID	motif_ALT_ID	motif_P-value	seq_ID	seq_Score	seq_Class	is_holdout?
1-NDNPPRF	STREME-1	1.2e-003	sp|Q9UJ99|CAD22_HUMAN	27.52	tp	0
1-NDNPPRF	STREME-1	1.2e-003	sp|O14917|PCD17_HUMAN	27.52	tp	0
1-NDNPPRF	STREME-1	1.2e-003	sp|Q13634|CAD18_HUMAN	27.52	tp	0
1-NDNPPRF	STREME-1	1.2e-003	sp|Q9Y5H7|PCDA5_HUMAN	27.52	tp	0
1-NDNPPRF	STREME-1	1.2e-003	sp|Q9Y5I2|PCDAA_HUMAN	27.52	tp	0
1-NDNPPRF	STREME-1	1.2e-003	sp|P55289|CAD12_HUMAN	27.52	tp	0
1-NDNPPRF	STREME-1	1.2e-003	sp|Q9HBT6|CAD20_HUMAN	27.52	tp	0
1-NDNPPRF	STREME-1	1.2e-003	sp|Q9ULB5|CADH7_HUMAN	27.52	tp	1
1-NDNPPRF	STREME-1	1.2e-003	sp|Q9NYQ8|FAT2_HUMAN	27.52	tp	1
1-NDNPPRF	STREME-1	1.2e-003	sp|Q9Y6N8|CAD10_HUMAN	27.52	tp	1
1-NDNPPRF	STREME-1	1.2e-003	sp|Q9UN75|PCDAC_HUMAN	27.22	tp	0
1-NDNPPRF	STREME-1	1.2e-003	sp|Q8TDW7|FAT3_HUMAN	27.22	tp	0
1-NDNPPRF	STREME-1	1.2e-003	sp|Q9HCU4|CELR2_HUMAN	27.22	tp	0
1-NDNPPRF	STREME-1	1.2e-003	sp|Q9Y5H5|PCDA9_HUMAN	27.22	tp	0
1-NDNPPRF	STREME-1	1.2e-003	sp|Q9Y5H6|PCDA8_HUMAN	27.22	tp	0
1-NDNPPRF	STREME-1	1.2e-003	sp|Q9UN72|PCDA7_HUMAN	27.22	tp	0
1-NDNPPRF	STREME-1	1.2e-003	sp|Q9Y5I3|PCDA1_HUMAN	27.22	tp	0
1-NDNPPRF	STREME-1	1.2e-003	sp|Q9UN74|PCDA4_HUMAN	27.22	tp	0
1-NDNPPRF	STREME-1	1.2e-003	sp|Q9Y5I1|PCDAB_HUMAN	27.22	tp	0
1-NDNPPRF	STREME-1	1.2e-003	sp|O60330|PCDGC_HUMAN	27.22	tp	0
1-NDNPPRF	STREME-1	1.2e-003	sp|Q9Y5H2|PCDGB_HUMAN	27.22	tp	1
1-NDNPPRF	STREME-1	1.2e-003	sp|Q9Y5F9|PCDGI_HUMAN	27.22	tp	1
1-NDNPPRF	STREME-1	1.2e-003	sp|Q9HC56|PCDH9_HUMAN	25.57	tp	0
1-NDNPPRF	STREME-1	1.2e-003	sp|Q9Y5H9|PCDA2_HUMAN	25.57	tp	0
1-NDNPPRF	STREME-1	1.2e-003	sp|Q9Y5I0|PCDAD_HUMAN	25.57	tp	1
1-NDNPPRF	STREME-1	1.2e-003	sp|Q8N6Y1|PCD20_HUMAN	25.40	tp	0
1-NDNPPRF	STREME-1	1.2e-003	sp|Q9Y5I4|PCDC2_HUMAN	25.40	tp	0
1-NDNPPRF	STREME-1	1.2e-003	sp|Q9Y5G3|PCDGD_HUMAN	25.34	tp	0
1-NDNPPRF	STREME-1	1.2e-003	sp|Q9P2E7|PCD10_HUMAN	25.34	tp	0
1-NDNPPRF	STREME-1	1.2e-003	sp|Q9Y5F6|PCDGM_HUMAN	25.34	tp	0
1-NDNPPRF	STREME-1	1.2e-003	sp|Q9BZA8|PC11Y_HUMAN	25.11	tp	0
1-NDNPPRF	STREME-1	1.2e-003	sp|Q9Y5H4|PCDG1_HUMAN	25.11	tp	0
1-NDNPPRF	STREME-1	1.2e-003	sp|Q9BZA7|PC11X_HUMAN	25.11	fp	0
1-NDNPPRF	STREME-1	1.2e-003	sp|Q9NYQ7|CELR3_HUMAN	25.05	tp	0
1-NDNPPRF	STREME-1	1.2e-003	sp|Q9UN70|PCDGK_HUMAN	25.05	tp	0
1-NDNPPRF	STREME-1	1.2e-003	sp|Q9Y5H8|PCDA3_HUMAN	25.05	tp	0
1-NDNPPRF	STREME-1	1.2e-003	sp|Q9Y5H3|PCDGA_HUMAN	25.05	tp	1
1-NDNPPRF	STREME-1	1.2e-003	sp|Q9Y5G8|PCDG5_HUMAN	25.00	tp	0
1-NDNPPRF	STREME-1	1.2e-003	sp|Q9Y5G7|PCDG6_HUMAN	24.97	tp	0
1-NDNPPRF	STREME-1	1.2e-003	sp|P55286|CADH8_HUMAN	24.85	tp	0
1-NDNPPRF	STREME-1	1.2e-003	sp|Q9Y5G6|PCDG7_HUMAN	24.80	tp	0
1-NDNPPRF	STREME-1	1.2e-003	sp|Q9UN73|PCDA6_HUMAN	24.54	tp	0
1-NDNPPRF	STREME-1	1.2e-003	sp|P55283|CADH4_HUMAN	23.91	tp	0
1-NDNPPRF	STREME-1	1.2e-003	sp|Q9ULB4|CADH9_HUMAN	23.89	tp	0
1-NDNPPRF	STREME-1	1.2e-003	sp|Q9Y5F7|PCDGL_HUMAN	23.59	tp	1
1-NDNPPRF	STREME-1	1.2e-003	sp|Q9Y4I1|MYO5A_HUMAN	22.72	tp	0
1-NDNPPRF	STREME-1	1.2e-003	sp|Q9Y2K3|MYH15_HUMAN	22.72	tp	0
1-NDNPPRF	STREME-1	1.2e-003	sp|O95206|PCDH8_HUMAN	22.36	tp	0
1-NDNPPRF	STREME-1	1.2e-003	sp|Q96JP9|CDHR1_HUMAN	22.12	tp	0
1-NDNPPRF	STREME-1	1.2e-003	sp|P55291|CAD15_HUMAN	21.73	tp	0
1-NDNPPRF	STREME-1	1.2e-003	sp|Q9Y5E1|PCDB9_HUMAN	21.60	tp	1
1-NDNPPRF	STREME-1	1.2e-003	sp|Q8TAB3|PCD19_HUMAN	21.41	tp	1
1-NDNPPRF	STREME-1	1.2e-003	sp|Q15111|PLCL1_HUMAN	20.36	tp	0
1-NDNPPRF	STREME-1	1.2e-003	sp|Q7Z7M9|GALT5_HUMAN	19.41	tp	0
1-NDNPPRF	STREME-1	1.2e-003	sp|Q9P1A6|DLGP2_HUMAN	17.87	tp	0
1-NDNPPRF	STREME-1	1.2e-003	sp|Q68D85|NR3L1_HUMAN	17.73	tp	0
1-NDNPPRF	STREME-1	1.2e-003	sp|Q6Q759|SPG17_HUMAN	17.50	tp	0
1-NDNPPRF	STREME-1	1.2e-003	sp|Q9Y4C5|CHST2_HUMAN	17.10	tp	0
1-NDNPPRF	STREME-1	1.2e-003	sp|Q13480|GAB1_HUMAN	15.79	tp	0
1-NDNPPRF	STREME-1	1.2e-003	sp|Q7Z553|MDGA2_HUMAN	15.48	tp	0
1-NDNPPRF	STREME-1	1.2e-003	sp|O60241|AGRB2_HUMAN	15.09	tp	0
1-NDNPPRF	STREME-1	1.2e-003	sp|Q13224|NMDE2_HUMAN	14.93	tp	0
1-NDNPPRF	STREME-1	1.2e-003	sp|Q12840|KIF5A_HUMAN	14.56	tp	0
1-NDNPPRF	STREME-1	1.2e-003	sp|P20916|MAG_HUMAN	14.47	tp	0
1-NDNPPRF	STREME-1	1.2e-003	sp|Q8N3J6|CADM2_HUMAN	14.46	tp	0
1-NDNPPRF	STREME-1	1.2e-003	sp|Q14831|GRM7_HUMAN	14.29	tp	0
1-NDNPPRF	STREME-1	1.2e-003	sp|Q9NZ72|STMN3_HUMAN	13.83	tp	0
1-NDNPPRF	STREME-1	1.2e-003	sp|P11277|SPTB1_HUMAN	13.75	tp	0
1-NDNPPRF	STREME-1	1.2e-003	sp|Q96QV1|HHIP_HUMAN	13.46	tp	0
1-NDNPPRF	STREME-1	1.2e-003	sp|Q9UM73|ALK_HUMAN	13.27	tp	0
1-NDNPPRF	STREME-1	1.2e-003	sp|O95196|CSPG5_HUMAN	12.57	tp	0
1-NDNPPRF	STREME-1	1.2e-003	sp|Q8NFP4|MDGA1_HUMAN	12.04	tp	0
#
2-VTARDPDA	STREME-2	1.2e-003	sp|Q9UJ99|CAD22_HUMAN	27.70	tp	0
2-VTARDPDA	STREME-2	1.2e-003	sp|Q9Y5H5|PCDA9_HUMAN	24.42	tp	0
2-VTARDPDA	STREME-2	1.2e-003	sp|Q9Y5H6|PCDA8_HUMAN	24.42	tp	0
2-VTARDPDA	STREME-2	1.2e-003	sp|Q9Y5H7|PCDA5_HUMAN	24.42	tp	0
2-VTARDPDA	STREME-2	1.2e-003	sp|Q9UN73|PCDA6_HUMAN	24.42	tp	0
2-VTARDPDA	STREME-2	1.2e-003	sp|Q9Y5I3|PCDA1_HUMAN	24.42	tp	0
2-VTARDPDA	STREME-2	1.2e-003	sp|Q9Y5I1|PCDAB_HUMAN	24.42	tp	0
2-VTARDPDA	STREME-2	1.2e-003	sp|Q9Y5H8|PCDA3_HUMAN	24.42	tp	0
2-VTARDPDA	STREME-2	1.2e-003	sp|Q9ULB4|CADH9_HUMAN	24.18	tp	0
2-VTARDPDA	STREME-2	1.2e-003	sp|P55286|CADH8_HUMAN	24.17	tp	0
2-VTARDPDA	STREME-2	1.2e-003	sp|Q9HCU4|CELR2_HUMAN	24.05	tp	0
2-VTARDPDA	STREME-2	1.2e-003	sp|Q9Y5G8|PCDG5_HUMAN	23.69	tp	0
2-VTARDPDA	STREME-2	1.2e-003	sp|Q9Y5F6|PCDGM_HUMAN	23.60	tp	0
2-VTARDPDA	STREME-2	1.2e-003	sp|Q96JP9|CDHR1_HUMAN	23.19	tp	0
2-VTARDPDA	STREME-2	1.2e-003	sp|Q13634|CAD18_HUMAN	23.16	tp	0
2-VTARDPDA	STREME-2	1.2e-003	sp|Q9HBT6|CAD20_HUMAN	23.16	tp	0
2-VTARDPDA	STREME-2	1.2e-003	sp|Q9ULB5|CADH7_HUMAN	23.16	tp	1
2-VTARDPDA	STREME-2	1.2e-003	sp|Q9Y6N8|CAD10_HUMAN	23.16	tp	1
2-VTARDPDA	STREME-2	1.2e-003	sp|O60330|PCDGC_HUMAN	22.62	tp	0
2-VTARDPDA	STREME-2	1.2e-003	sp|Q8TDW7|FAT3_HUMAN	22.50	tp	0
2-VTARDPDA	STREME-2	1.2e-003	sp|Q6PCE3|PGM2L_HUMAN	22.30	tp	0
2-VTARDPDA	STREME-2	1.2e-003	sp|Q8TAB3|PCD19_HUMAN	22.29	tp	1
2-VTARDPDA	STREME-2	1.2e-003	sp|Q9NYQ8|FAT2_HUMAN	22.01	tp	1
2-VTARDPDA	STREME-2	1.2e-003	sp|Q9UN75|PCDAC_HUMAN	21.97	tp	0
2-VTARDPDA	STREME-2	1.2e-003	sp|Q9Y5I2|PCDAA_HUMAN	21.97	tp	0
2-VTARDPDA	STREME-2	1.2e-003	sp|Q9Y5H9|PCDA2_HUMAN	21.97	tp	0
2-VTARDPDA	STREME-2	1.2e-003	sp|Q9UN74|PCDA4_HUMAN	21.97	tp	0
2-VTARDPDA	STREME-2	1.2e-003	sp|P55283|CADH4_HUMAN	21.75	tp	0
2-VTARDPDA	STREME-2	1.2e-003	sp|Q9Y5I0|PCDAD_HUMAN	21.75	tp	1
2-VTARDPDA	STREME-2	1.2e-003	sp|Q9NYQ7|CELR3_HUMAN	21.50	tp	0
2-VTARDPDA	STREME-2	1.2e-003	sp|Q9BZA8|PC11Y_HUMAN	21.45	tp	0
2-VTARDPDA	STREME-2	1.2e-003	sp|Q9Y5H3|PCDGA_HUMAN	20.90	tp	1
2-VTARDPDA	STREME-2	1.2e-003	sp|Q9UN72|PCDA7_HUMAN	20.86	tp	0
2-VTARDPDA	STREME-2	1.2e-003	sp|Q9Y5H2|PCDGB_HUMAN	20.75	tp	1
2-VTARDPDA	STREME-2	1.2e-003	sp|Q9Y5G6|PCDG7_HUMAN	20.50	tp	0
2-VTARDPDA	STREME-2	1.2e-003	sp|Q9Y5G7|PCDG6_HUMAN	20.28	tp	0
2-VTARDPDA	STREME-2	1.2e-003	sp|Q9Y5F9|PCDGI_HUMAN	20.28	tp	1
2-VTARDPDA	STREME-2	1.2e-003	sp|O95206|PCDH8_HUMAN	19.71	tp	0
2-VTARDPDA	STREME-2	1.2e-003	sp|Q9Y5H4|PCDG1_HUMAN	19.69	tp	0
2-VTARDPDA	STREME-2	1.2e-003	sp|Q9HC56|PCDH9_HUMAN	19.55	tp	0
2-VTARDPDA	STREME-2	1.2e-003	sp|Q9Y5E1|PCDB9_HUMAN	19.35	tp	1
2-VTARDPDA	STREME-2	1.2e-003	sp|Q9Y5I4|PCDC2_HUMAN	19.30	tp	0
2-VTARDPDA	STREME-2	1.2e-003	sp|P55291|CAD15_HUMAN	19.11	tp	0
2-VTARDPDA	STREME-2	1.2e-003	sp|Q9P2E7|PCD10_HUMAN	18.67	tp	0
2-VTARDPDA	STREME-2	1.2e-003	sp|Q9Y5F7|PCDGL_HUMAN	18.20	tp	1
2-VTARDPDA	STREME-2	1.2e-003	sp|P48066|S6A11_HUMAN	18.11	tp	0
2-VTARDPDA	STREME-2	1.2e-003	sp|O60741|HCN1_HUMAN	18.11	tp	0
2-VTARDPDA	STREME-2	1.2e-003	sp|O14917|PCD17_HUMAN	17.90	tp	0
2-VTARDPDA	STREME-2	1.2e-003	sp|Q92581|SL9A6_HUMAN	17.86	tp	0
2-VTARDPDA	STREME-2	1.2e-003	sp|Q99574|NEUS_HUMAN	17.82	tp	0
2-VTARDPDA	STREME-2	1.2e-003	sp|Q9NT99|LRC4B_HUMAN	17.73	tp	0
2-VTARDPDA	STREME-2	1.2e-003	sp|Q5XKR4|OTP_HUMAN	17.14	tp	0
2-VTARDPDA	STREME-2	1.2e-003	sp|Q9Y5G3|PCDGD_HUMAN	17.11	tp	0
2-VTARDPDA	STREME-2	1.2e-003	sp|Q9NZR2|LRP1B_HUMAN	17.02	tp	0
2-VTARDPDA	STREME-2	1.2e-003	sp|Q9UN70|PCDGK_HUMAN	16.78	tp	0
2-VTARDPDA	STREME-2	1.2e-003	sp|P42261|GRIA1_HUMAN	16.52	tp	0
2-VTARDPDA	STREME-2	1.2e-003	sp|P55289|CAD12_HUMAN	16.14	tp	0
2-VTARDPDA	STREME-2	1.2e-003	sp|Q6DN14|MCTP1_HUMAN	16.14	tp	0
2-VTARDPDA	STREME-2	1.2e-003	sp|P47736|RPGP1_HUMAN	16.08	tp	0
2-VTARDPDA	STREME-2	1.2e-003	sp|Q9UBL0|ARP21_HUMAN	15.63	tp	0
2-VTARDPDA	STREME-2	1.2e-003	sp|P42262|GRIA2_HUMAN	15.47	tp	0
2-VTARDPDA	STREME-2	1.2e-003	sp|P48058|GRIA4_HUMAN	15.47	tp	0
2-VTARDPDA	STREME-2	1.2e-003	sp|A6NHX0|CAST2_HUMAN	15.31	tp	0
2-VTARDPDA	STREME-2	1.2e-003	sp|Q9Y4I1|MYO5A_HUMAN	14.73	tp	0
2-VTARDPDA	STREME-2	1.2e-003	sp|P29322|EPHA8_HUMAN	14.30	tp	0
2-VTARDPDA	STREME-2	1.2e-003	sp|O94985|CSTN1_HUMAN	14.27	tp	0
2-VTARDPDA	STREME-2	1.2e-003	sp|Q9BQT9|CSTN3_HUMAN	14.27	tp	0
2-VTARDPDA	STREME-2	1.2e-003	sp|O15020|SPTN2_HUMAN	14.16	tp	0
2-VTARDPDA	STREME-2	1.2e-003	sp|O75037|KI21B_HUMAN	14.06	tp	0
2-VTARDPDA	STREME-2	1.2e-003	sp|Q7Z4S6|KI21A_HUMAN	14.04	tp	0
2-VTARDPDA	STREME-2	1.2e-003	sp|Q8N6Y1|PCD20_HUMAN	13.92	tp	0
2-VTARDPDA	STREME-2	1.2e-003	sp|Q24JP5|T132A_HUMAN	13.41	tp	0
#
3-JTATDGGKPELSGT	STREME-3	1.2e-003	sp|Q9Y5H5|PCDA9_HUMAN	42.54	tp	0
3-JTATDGGKPELSGT	STREME-3	1.2e-003	sp|Q9Y5H6|PCDA8_HUMAN	42.54	tp	0
3-JTATDGGKPELSGT	STREME-3	1.2e-003	sp|Q9UN72|PCDA7_HUMAN	42.54	tp	0
3-JTATDGGKPELSGT	STREME-3	1.2e-003	sp|Q9UN73|PCDA6_HUMAN	42.54	tp	0
3-JTATDGGKPELSGT	STREME-3	1.2e-003	sp|Q9UN74|PCDA4_HUMAN	42.54	tp	0
3-JTATDGGKPELSGT	STREME-3	1.2e-003	sp|Q9Y5I1|PCDAB_HUMAN	42.54	tp	0
3-JTATDGGKPELSGT	STREME-3	1.2e-003	sp|Q9Y5H8|PCDA3_HUMAN	40.95	tp	0
3-JTATDGGKPELSGT	STREME-3	1.2e-003	sp|Q9Y5I0|PCDAD_HUMAN	40.70	tp	1
3-JTATDGGKPELSGT	STREME-3	1.2e-003	sp|Q9Y5H9|PCDA2_HUMAN	40.53	tp	0
3-JTATDGGKPELSGT	STREME-3	1.2e-003	sp|Q9Y5H7|PCDA5_HUMAN	39.25	tp	0
3-JTATDGGKPELSGT	STREME-3	1.2e-003	sp|Q9Y5G3|PCDGD_HUMAN	38.63	tp	0
3-JTATDGGKPELSGT	STREME-3	1.2e-003	sp|Q9Y5I3|PCDA1_HUMAN	38.58	tp	0
3-JTATDGGKPELSGT	STREME-3	1.2e-003	sp|Q9Y5I2|PCDAA_HUMAN	37.90	tp	0
3-JTATDGGKPELSGT	STREME-3	1.2e-003	sp|Q9Y5F7|PCDGL_HUMAN	36.60	tp	1
3-JTATDGGKPELSGT	STREME-3	1.2e-003	sp|Q9Y5G8|PCDG5_HUMAN	36.43	tp	0
3-JTATDGGKPELSGT	STREME-3	1.2e-003	sp|O60330|PCDGC_HUMAN	36.34	tp	0
3-JTATDGGKPELSGT	STREME-3	1.2e-003	sp|Q9Y5G6|PCDG7_HUMAN	35.33	tp	0
3-JTATDGGKPELSGT	STREME-3	1.2e-003	sp|Q9UN75|PCDAC_HUMAN	34.86	tp	0
3-JTATDGGKPELSGT	STREME-3	1.2e-003	sp|Q9Y5H4|PCDG1_HUMAN	34.03	tp	0
3-JTATDGGKPELSGT	STREME-3	1.2e-003	sp|Q8TAB3|PCD19_HUMAN	33.21	tp	1
3-JTATDGGKPELSGT	STREME-3	1.2e-003	sp|Q9Y5F9|PCDGI_HUMAN	32.82	tp	1
3-JTATDGGKPELSGT	STREME-3	1.2e-003	sp|Q9Y5E1|PCDB9_HUMAN	32.57	tp	1
3-JTATDGGKPELSGT	STREME-3	1.2e-003	sp|Q9Y5I4|PCDC2_HUMAN	32.56	tp	0
3-JTATDGGKPELSGT	STREME-3	1.2e-003	sp|P55283|CADH4_HUMAN	32.01	tp	0
3-JTATDGGKPELSGT	STREME-3	1.2e-003	sp|Q8TDW7|FAT3_HUMAN	31.54	tp	0
3-JTATDGGKPELSGT	STREME-3	1.2e-003	sp|P55286|CADH8_HUMAN	30.85	tp	0
3-JTATDGGKPELSGT	STREME-3	1.2e-003	sp|O14917|PCD17_HUMAN	30.66	tp	0
3-JTATDGGKPELSGT	STREME-3	1.2e-003	sp|Q9Y5G7|PCDG6_HUMAN	30.59	tp	0
3-JTATDGGKPELSGT	STREME-3	1.2e-003	sp|Q9P121|NTRI_HUMAN	30.40	tp	0
3-JTATDGGKPELSGT	STREME-3	1.2e-003	sp|O95206|PCDH8_HUMAN	29.92	tp	0
3-JTATDGGKPELSGT	STREME-3	1.2e-003	sp|Q9Y5H3|PCDGA_HUMAN	29.39	tp	1
3-JTATDGGKPELSGT	STREME-3	1.2e-003	sp|Q8N6Y1|PCD20_HUMAN	29.26	tp	0
3-JTATDGGKPELSGT	STREME-3	1.2e-003	sp|Q9HC56|PCDH9_HUMAN	28.62	tp	0
3-JTATDGGKPELSGT	STREME-3	1.2e-003	sp|Q13634|CAD18_HUMAN	28.59	tp	0
3-JTATDGGKPELSGT	STREME-3	1.2e-003	sp|Q9HCU4|CELR2_HUMAN	27.86	tp	0
3-JTATDGGKPELSGT	STREME-3	1.2e-003	sp|Q14982|OPCM_HUMAN	27.56	tp	0
3-JTATDGGKPELSGT	STREME-3	1.2e-003	sp|Q9Y5H2|PCDGB_HUMAN	27.02	tp	1
3-JTATDGGKPELSGT	STREME-3	1.2e-003	sp|O00533|NCHL1_HUMAN	26.87	tp	0
3-JTATDGGKPELSGT	STREME-3	1.2e-003	sp|Q9Y5F6|PCDGM_HUMAN	26.49	tp	0
3-JTATDGGKPELSGT	STREME-3	1.2e-003	sp|Q92823|NRCAM_HUMAN	26.46	tp	0
3-JTATDGGKPELSGT	STREME-3	1.2e-003	sp|A6NGN9|IGLO5_HUMAN	26.15	tp	0
3-JTATDGGKPELSGT	STREME-3	1.2e-003	sp|Q9NYQ7|CELR3_HUMAN	25.97	tp	0
3-JTATDGGKPELSGT	STREME-3	1.2e-003	sp|Q9UMF0|ICAM5_HUMAN	25.79	tp	0
3-JTATDGGKPELSGT	STREME-3	1.2e-003	sp|Q9HBT6|CAD20_HUMAN	25.43	tp	0
3-JTATDGGKPELSGT	STREME-3	1.2e-003	sp|Q9NYQ8|FAT2_HUMAN	24.98	tp	1
3-JTATDGGKPELSGT	STREME-3	1.2e-003	sp|Q8TD84|DSCL1_HUMAN	24.90	tp	0
3-JTATDGGKPELSGT	STREME-3	1.2e-003	sp|Q9BZA8|PC11Y_HUMAN	24.46	tp	0
3-JTATDGGKPELSGT	STREME-3	1.2e-003	sp|Q9BZA7|PC11X_HUMAN	24.46	fp	0
3-JTATDGGKPELSGT	STREME-3	1.2e-003	sp|O94856|NFASC_HUMAN	23.32	tp	0
3-JTATDGGKPELSGT	STREME-3	1.2e-003	sp|Q9P2E7|PCD10_HUMAN	23.03	tp	0
3-JTATDGGKPELSGT	STREME-3	1.2e-003	sp|Q9UJ99|CAD22_HUMAN	22.98	tp	0
3-JTATDGGKPELSGT	STREME-3	1.2e-003	sp|Q96JP9|CDHR1_HUMAN	22.96	tp	0
3-JTATDGGKPELSGT	STREME-3	1.2e-003	sp|Q9HC10|OTOF_HUMAN	20.27	tp	0
3-JTATDGGKPELSGT	STREME-3	1.2e-003	sp|O14578|CTRO_HUMAN	18.65	tp	0
3-JTATDGGKPELSGT	STREME-3	1.2e-003	sp|Q9ULH4|LRFN2_HUMAN	17.94	tp	0
3-JTATDGGKPELSGT	STREME-3	1.2e-003	sp|P13591|NCAM1_HUMAN	17.80	tp	1
3-JTATDGGKPELSGT	STREME-3	1.2e-003	sp|Q9ULB5|CADH7_HUMAN	17.31	tp	1
3-JTATDGGKPELSGT	STREME-3	1.2e-003	sp|Q5VUB5|F1711_HUMAN	16.71	tp	0
3-JTATDGGKPELSGT	STREME-3	1.2e-003	sp|P29400|CO4A5_HUMAN	16.21	tp	0
3-JTATDGGKPELSGT	STREME-3	1.2e-003	sp|Q9BXT5|TEX15_HUMAN	15.82	tp	0
#
4-ENNPPGCHI	STREME-4	2.1e-003	sp|Q9UN75|PCDAC_HUMAN	33.20	tp	0
4-ENNPPGCHI	STREME-4	2.1e-003	sp|Q9Y5H5|PCDA9_HUMAN	33.20	tp	0
4-ENNPPGCHI	STREME-4	2.1e-003	sp|Q9Y5H6|PCDA8_HUMAN	33.20	tp	0
4-ENNPPGCHI	STREME-4	2.1e-003	sp|Q9Y5H7|PCDA5_HUMAN	33.20	tp	0
4-ENNPPGCHI	STREME-4	2.1e-003	sp|Q9UN72|PCDA7_HUMAN	33.20	tp	0
4-ENNPPGCHI	STREME-4	2.1e-003	sp|Q9Y5I2|PCDAA_HUMAN	33.20	tp	0
4-ENNPPGCHI	STREME-4	2.1e-003	sp|Q9UN73|PCDA6_HUMAN	33.20	tp	0
4-ENNPPGCHI	STREME-4	2.1e-003	sp|Q9Y5H9|PCDA2_HUMAN	33.20	tp	0
4-ENNPPGCHI	STREME-4	2.1e-003	sp|Q9Y5I3|PCDA1_HUMAN	33.20	tp	0
4-ENNPPGCHI	STREME-4	2.1e-003	sp|Q9UN74|PCDA4_HUMAN	33.20	tp	0
4-ENNPPGCHI	STREME-4	2.1e-003	sp|Q9Y5I1|PCDAB_HUMAN	33.20	tp	0
4-ENNPPGCHI	STREME-4	2.1e-003	sp|Q9Y5H8|PCDA3_HUMAN	33.20	tp	0
4-ENNPPGCHI	STREME-4	2.1e-003	sp|Q9Y5I0|PCDAD_HUMAN	33.20	tp	1
4-ENNPPGCHI	STREME-4	2.1e-003	sp|Q9Y5G3|PCDGD_HUMAN	25.13	tp	0
4-ENNPPGCHI	STREME-4	2.1e-003	sp|Q9Y5F9|PCDGI_HUMAN	25.13	tp	1
4-ENNPPGCHI	STREME-4	2.1e-003	sp|Q9Y5G7|PCDG6_HUMAN	23.43	tp	0
4-ENNPPGCHI	STREME-4	2.1e-003	sp|Q9Y5H4|PCDG1_HUMAN	23.43	tp	0
4-ENNPPGCHI	STREME-4	2.1e-003	sp|Q9Y5G6|PCDG7_HUMAN	23.43	tp	0
4-ENNPPGCHI	STREME-4	2.1e-003	sp|Q9Y5H2|PCDGB_HUMAN	23.43	tp	1
4-ENNPPGCHI	STREME-4	2.1e-003	sp|Q9Y5G8|PCDG5_HUMAN	22.80	tp	0
4-ENNPPGCHI	STREME-4	2.1e-003	sp|O95206|PCDH8_HUMAN	22.35	tp	0
4-ENNPPGCHI	STREME-4	2.1e-003	sp|Q9P2E7|PCD10_HUMAN	21.78	tp	0
4-ENNPPGCHI	STREME-4	2.1e-003	sp|Q96PB8|LRC3B_HUMAN	20.81	tp	0
4-ENNPPGCHI	STREME-4	2.1e-003	sp|O94991|SLIK5_HUMAN	20.50	tp	0
4-ENNPPGCHI	STREME-4	2.1e-003	sp|Q9UN70|PCDGK_HUMAN	19.94	tp	0
4-ENNPPGCHI	STREME-4	2.1e-003	sp|O94933|SLIK3_HUMAN	19.84	tp	0
4-ENNPPGCHI	STREME-4	2.1e-003	sp|Q9H156|SLIK2_HUMAN	19.84	fp	0
4-ENNPPGCHI	STREME-4	2.1e-003	sp|Q9NZU1|FLRT1_HUMAN	19.52	tp	0
4-ENNPPGCHI	STREME-4	2.1e-003	sp|P78509|RELN_HUMAN	19.23	tp	0
4-ENNPPGCHI	STREME-4	2.1e-003	sp|O60330|PCDGC_HUMAN	19.20	tp	0
4-ENNPPGCHI	STREME-4	2.1e-003	sp|O15018|PDZD2_HUMAN	19.08	tp	0
4-ENNPPGCHI	STREME-4	2.1e-003	sp|Q14894|CRYM_HUMAN	18.55	tp	0
4-ENNPPGCHI	STREME-4	2.1e-003	sp|O14917|PCD17_HUMAN	18.54	tp	0
4-ENNPPGCHI	STREME-4	2.1e-003	sp|Q8IW52|SLIK4_HUMAN	18.54	tp	0
4-ENNPPGCHI	STREME-4	2.1e-003	sp|Q5VUG0|SMBT2_HUMAN	18.49	fp	0
4-ENNPPGCHI	STREME-4	2.1e-003	sp|Q8TAB3|PCD19_HUMAN	18.35	tp	1
4-ENNPPGCHI	STREME-4	2.1e-003	sp|Q86WK6|AMGO1_HUMAN	18.23	tp	0
4-ENNPPGCHI	STREME-4	2.1e-003	sp|B2RUY7|VWC2L_HUMAN	18.23	tp	0
4-ENNPPGCHI	STREME-4	2.1e-003	sp|Q96PV0|SYGP1_HUMAN	17.90	tp	0
4-ENNPPGCHI	STREME-4	2.1e-003	sp|Q9Y5H3|PCDGA_HUMAN	17.90	tp	1
4-ENNPPGCHI	STREME-4	2.1e-003	sp|P55286|CADH8_HUMAN	17.84	tp	0
4-ENNPPGCHI	STREME-4	2.1e-003	sp|P55289|CAD12_HUMAN	17.77	tp	0
4-ENNPPGCHI	STREME-4	2.1e-003	sp|Q9HBW1|LRRC4_HUMAN	17.37	tp	0
4-ENNPPGCHI	STREME-4	2.1e-003	sp|Q96PX8|SLIK1_HUMAN	17.17	tp	0
4-ENNPPGCHI	STREME-4	2.1e-003	sp|Q9NZR2|LRP1B_HUMAN	17.13	tp	0
4-ENNPPGCHI	STREME-4	2.1e-003	sp|Q7Z2D5|PLPR4_HUMAN	17.07	tp	0
4-ENNPPGCHI	STREME-4	2.1e-003	sp|Q9ULB5|CADH7_HUMAN	16.92	tp	1
4-ENNPPGCHI	STREME-4	2.1e-003	sp|P42658|DPP6_HUMAN	16.84	tp	0
4-ENNPPGCHI	STREME-4	2.1e-003	sp|Q9ULB4|CADH9_HUMAN	16.68	tp	0
4-ENNPPGCHI	STREME-4	2.1e-003	sp|Q13634|CAD18_HUMAN	16.48	tp	0
4-ENNPPGCHI	STREME-4	2.1e-003	sp|Q9Y6N8|CAD10_HUMAN	16.29	tp	1
4-ENNPPGCHI	STREME-4	2.1e-003	sp|Q9Y5I4|PCDC2_HUMAN	16.22	tp	0
4-ENNPPGCHI	STREME-4	2.1e-003	sp|O43424|GRID2_HUMAN	16.11	tp	0
4-ENNPPGCHI	STREME-4	2.1e-003	sp|Q8TDW7|FAT3_HUMAN	15.97	tp	0
4-ENNPPGCHI	STREME-4	2.1e-003	sp|Q9NYP8|CU062_HUMAN	15.90	tp	1
4-ENNPPGCHI	STREME-4	2.1e-003	sp|Q9HCJ2|LRC4C_HUMAN	15.79	tp	0
4-ENNPPGCHI	STREME-4	2.1e-003	sp|Q7Z407|CSMD3_HUMAN	15.62	tp	1
4-ENNPPGCHI	STREME-4	2.1e-003	sp|Q9Y4I1|MYO5A_HUMAN	15.59	tp	0
4-ENNPPGCHI	STREME-4	2.1e-003	sp|P20020|AT2B1_HUMAN	15.32	tp	0
4-ENNPPGCHI	STREME-4	2.1e-003	sp|Q9BZA8|PC11Y_HUMAN	15.22	tp	0
4-ENNPPGCHI	STREME-4	2.1e-003	sp|Q9BZA7|PC11X_HUMAN	15.22	fp	0
4-ENNPPGCHI	STREME-4	2.1e-003	sp|Q12840|KIF5A_HUMAN	15.08	tp	0
4-ENNPPGCHI	STREME-4	2.1e-003	sp|P09471|GNAO_HUMAN	14.73	tp	0
4-ENNPPGCHI	STREME-4	2.1e-003	sp|Q6ZRR7|LRRC9_HUMAN	14.69	tp	0
4-ENNPPGCHI	STREME-4	2.1e-003	sp|Q16720|AT2B3_HUMAN	14.62	tp	0
4-ENNPPGCHI	STREME-4	2.1e-003	sp|Q4G0P3|HYDIN_HUMAN	14.51	tp	0
4-ENNPPGCHI	STREME-4	2.1e-003	sp|Q496J9|SV2C_HUMAN	14.42	tp	1
4-ENNPPGCHI	STREME-4	2.1e-003	sp|Q8TDF5|NETO1_HUMAN	14.24	tp	0
4-ENNPPGCHI	STREME-4	2.1e-003	sp|Q9ULU8|CAPS1_HUMAN	14.12	tp	0
4-ENNPPGCHI	STREME-4	2.1e-003	sp|Q2TBF2|WSCD2_HUMAN	13.93	tp	0
4-ENNPPGCHI	STREME-4	2.1e-003	sp|Q9Y231|FUT9_HUMAN	13.77	tp	0
4-ENNPPGCHI	STREME-4	2.1e-003	sp|O75037|KI21B_HUMAN	13.74	tp	0
4-ENNPPGCHI	STREME-4	2.1e-003	sp|Q7Z4S6|KI21A_HUMAN	13.74	tp	0
4-ENNPPGCHI	STREME-4	2.1e-003	sp|Q5JZY3|EPHAA_HUMAN	13.73	tp	0
4-ENNPPGCHI	STREME-4	2.1e-003	sp|Q8TCU6|PREX1_HUMAN	13.63	tp	0
4-ENNPPGCHI	STREME-4	2.1e-003	sp|Q8IZD9|DOCK3_HUMAN	13.59	fp	1
4-ENNPPGCHI	STREME-4	2.1e-003	sp|Q9NT68|TEN2_HUMAN	13.54	tp	1
4-ENNPPGCHI	STREME-4	2.1e-003	sp|O95185|UNC5C_HUMAN	13.30	tp	0
4-ENNPPGCHI	STREME-4	2.1e-003	sp|Q9H254|SPTN4_HUMAN	13.23	tp	0
4-ENNPPGCHI	STREME-4	2.1e-003	sp|Q9NT99|LRC4B_HUMAN	13.23	tp	0
4-ENNPPGCHI	STREME-4	2.1e-003	sp|P57721|PCBP3_HUMAN	13.20	tp	0
4-ENNPPGCHI	STREME-4	2.1e-003	sp|Q9UPW8|UN13A_HUMAN	13.17	tp	0
4-ENNPPGCHI	STREME-4	2.1e-003	sp|Q8N2C7|UNC80_HUMAN	13.04	tp	0
4-ENNPPGCHI	STREME-4	2.1e-003	sp|Q96PQ0|SORC2_HUMAN	13.01	tp	0
4-ENNPPGCHI	STREME-4	2.1e-003	sp|Q8NBI3|DRAXI_HUMAN	12.99	tp	0
4-ENNPPGCHI	STREME-4	2.1e-003	sp|O15394|NCAM2_HUMAN	12.93	tp	0
4-ENNPPGCHI	STREME-4	2.1e-003	sp|Q86UN2|R4RL1_HUMAN	12.58	tp	0
4-ENNPPGCHI	STREME-4	2.1e-003	sp|Q9HAR2|AGRL3_HUMAN	12.58	tp	1
4-ENNPPGCHI	STREME-4	2.1e-003	sp|Q96ID5|IGS21_HUMAN	12.50	tp	0
4-ENNPPGCHI	STREME-4	2.1e-003	sp|P21554|CNR1_HUMAN	12.46	tp	0
4-ENNPPGCHI	STREME-4	2.1e-003	sp|Q9UKZ4|TEN1_HUMAN	12.44	tp	0
4-ENNPPGCHI	STREME-4	2.1e-003	sp|Q5VX71|SUSD4_HUMAN	12.32	tp	0
#
5-VLDVNDNAP	STREME-5	2.3e-003	sp|O14917|PCD17_HUMAN	33.11	tp	0
5-VLDVNDNAP	STREME-5	2.3e-003	sp|Q9Y5G7|PCDG6_HUMAN	32.64	tp	0
5-VLDVNDNAP	STREME-5	2.3e-003	sp|O60330|PCDGC_HUMAN	32.64	tp	0
5-VLDVNDNAP	STREME-5	2.3e-003	sp|Q9Y5H2|PCDGB_HUMAN	32.64	tp	1
5-VLDVNDNAP	STREME-5	2.3e-003	sp|Q9Y5H3|PCDGA_HUMAN	32.64	tp	1
5-VLDVNDNAP	STREME-5	2.3e-003	sp|Q8TDW7|FAT3_HUMAN	31.52	tp	0
5-VLDVNDNAP	STREME-5	2.3e-003	sp|Q9UN70|PCDGK_HUMAN	31.34	tp	0
5-VLDVNDNAP	STREME-5	2.3e-003	sp|Q9UN75|PCDAC_HUMAN	31.17	tp	0
5-VLDVNDNAP	STREME-5	2.3e-003	sp|Q9Y5G6|PCDG7_HUMAN	31.13	tp	0
5-VLDVNDNAP	STREME-5	2.3e-003	sp|O95206|PCDH8_HUMAN	31.06	tp	0
5-VLDVNDNAP	STREME-5	2.3e-003	sp|Q9HCU4|CELR2_HUMAN	30.53	tp	0
5-VLDVNDNAP	STREME-5	2.3e-003	sp|Q9Y5G8|PCDG5_HUMAN	30.49	tp	0
5-VLDVNDNAP	STREME-5	2.3e-003	sp|Q9Y5F7|PCDGL_HUMAN	30.26	tp	1
5-VLDVNDNAP	STREME-5	2.3e-003	sp|Q9P2E7|PCD10_HUMAN	30.11	tp	0
5-VLDVNDNAP	STREME-5	2.3e-003	sp|Q9Y5H4|PCDG1_HUMAN	29.80	tp	0
5-VLDVNDNAP	STREME-5	2.3e-003	sp|Q9HC56|PCDH9_HUMAN	29.70	tp	0
5-VLDVNDNAP	STREME-5	2.3e-003	sp|Q9BZA8|PC11Y_HUMAN	29.67	tp	0
5-VLDVNDNAP	STREME-5	2.3e-003	sp|Q9BZA7|PC11X_HUMAN	29.67	fp	0
5-VLDVNDNAP	STREME-5	2.3e-003	sp|Q9Y5H9|PCDA2_HUMAN	29.55	tp	0
5-VLDVNDNAP	STREME-5	2.3e-003	sp|Q8TAB3|PCD19_HUMAN	29.02	tp	1
5-VLDVNDNAP	STREME-5	2.3e-003	sp|P55291|CAD15_HUMAN	28.54	tp	0
5-VLDVNDNAP	STREME-5	2.3e-003	sp|Q9Y5I4|PCDC2_HUMAN	28.49	tp	0
5-VLDVNDNAP	STREME-5	2.3e-003	sp|Q9Y5H7|PCDA5_HUMAN	28.10	tp	0
5-VLDVNDNAP	STREME-5	2.3e-003	sp|Q9Y5F9|PCDGI_HUMAN	28.01	tp	1
5-VLDVNDNAP	STREME-5	2.3e-003	sp|Q9ULB4|CADH9_HUMAN	27.96	tp	0
5-VLDVNDNAP	STREME-5	2.3e-003	sp|Q96JP9|CDHR1_HUMAN	27.17	tp	0
5-VLDVNDNAP	STREME-5	2.3e-003	sp|Q9Y5H6|PCDA8_HUMAN	27.11	tp	0
5-VLDVNDNAP	STREME-5	2.3e-003	sp|Q9UN73|PCDA6_HUMAN	27.11	tp	0
5-VLDVNDNAP	STREME-5	2.3e-003	sp|Q9UN74|PCDA4_HUMAN	27.10	tp	0
5-VLDVNDNAP	STREME-5	2.3e-003	sp|Q9NYQ8|FAT2_HUMAN	26.71	tp	1
5-VLDVNDNAP	STREME-5	2.3e-003	sp|P55289|CAD12_HUMAN	25.51	tp	0
5-VLDVNDNAP	STREME-5	2.3e-003	sp|Q9BQT9|CSTN3_HUMAN	25.43	tp	0
5-VLDVNDNAP	STREME-5	2.3e-003	sp|O94985|CSTN1_HUMAN	23.93	tp	0
5-VLDVNDNAP	STREME-5	2.3e-003	sp|Q13508|NAR3_HUMAN	21.98	tp	0
5-VLDVNDNAP	STREME-5	2.3e-003	sp|Q9Y5E1|PCDB9_HUMAN	19.72	tp	1
5-VLDVNDNAP	STREME-5	2.3e-003	sp|Q8N475|FSTL5_HUMAN	18.49	tp	0
5-VLDVNDNAP	STREME-5	2.3e-003	sp|Q6MZW2|FSTL4_HUMAN	17.91	tp	0
5-VLDVNDNAP	STREME-5	2.3e-003	sp|Q9NYQ7|CELR3_HUMAN	17.74	tp	0
5-VLDVNDNAP	STREME-5	2.3e-003	sp|Q9H4D0|CSTN2_HUMAN	16.61	tp	1
5-VLDVNDNAP	STREME-5	2.3e-003	sp|Q9Y6N8|CAD10_HUMAN	15.58	tp	1
5-VLDVNDNAP	STREME-5	2.3e-003	sp|Q9BXT5|TEX15_HUMAN	14.50	tp	0
#
6-AVDADSGYNAWLS	STREME-6	7.0e-003	sp|Q9UN75|PCDAC_HUMAN	43.27	tp	0
6-AVDADSGYNAWLS	STREME-6	7.0e-003	sp|Q9Y5H5|PCDA9_HUMAN	43.27	tp	0
6-AVDADSGYNAWLS	STREME-6	7.0e-003	sp|Q9Y5H6|PCDA8_HUMAN	43.27	tp	0
6-AVDADSGYNAWLS	STREME-6	7.0e-003	sp|Q9UN72|PCDA7_HUMAN	43.27	tp	0
6-AVDADSGYNAWLS	STREME-6	7.0e-003	sp|Q9Y5I2|PCDAA_HUMAN	43.27	tp	0
6-AVDADSGYNAWLS	STREME-6	7.0e-003	sp|Q9UN73|PCDA6_HUMAN	43.27	tp	0
6-AVDADSGYNAWLS	STREME-6	7.0e-003	sp|Q9Y5H9|PCDA2_HUMAN	43.27	tp	0
6-AVDADSGYNAWLS	STREME-6	7.0e-003	sp|Q9Y5I3|PCDA1_HUMAN	43.27	tp	0
6-AVDADSGYNAWLS	STREME-6	7.0e-003	sp|Q9UN74|PCDA4_HUMAN	43.27	tp	0
6-AVDADSGYNAWLS	STREME-6	7.0e-003	sp|Q9Y5I1|PCDAB_HUMAN	43.27	tp	0
6-AVDADSGYNAWLS	STREME-6	7.0e-003	sp|Q9Y5H8|PCDA3_HUMAN	43.27	tp	0
6-AVDADSGYNAWLS	STREME-6	7.0e-003	sp|Q9Y5I0|PCDAD_HUMAN	43.27	tp	1
6-AVDADSGYNAWLS	STREME-6	7.0e-003	sp|Q9Y5H7|PCDA5_HUMAN	41.56	tp	0
6-AVDADSGYNAWLS	STREME-6	7.0e-003	sp|Q9Y5G3|PCDGD_HUMAN	39.78	tp	0
6-AVDADSGYNAWLS	STREME-6	7.0e-003	sp|Q9Y5F9|PCDGI_HUMAN	39.78	tp	1
6-AVDADSGYNAWLS	STREME-6	7.0e-003	sp|Q9Y5G7|PCDG6_HUMAN	39.28	tp	0
6-AVDADSGYNAWLS	STREME-6	7.0e-003	sp|Q9Y5H4|PCDG1_HUMAN	39.28	tp	0
6-AVDADSGYNAWLS	STREME-6	7.0e-003	sp|O60330|PCDGC_HUMAN	39.28	tp	0
6-AVDADSGYNAWLS	STREME-6	7.0e-003	sp|Q9Y5H3|PCDGA_HUMAN	39.28	tp	1
6-AVDADSGYNAWLS	STREME-6	7.0e-003	sp|Q9Y5G8|PCDG5_HUMAN	39.15	tp	0
6-AVDADSGYNAWLS	STREME-6	7.0e-003	sp|Q9Y5G6|PCDG7_HUMAN	39.15	tp	0
6-AVDADSGYNAWLS	STREME-6	7.0e-003	sp|Q9Y5H2|PCDGB_HUMAN	39.15	tp	1
6-AVDADSGYNAWLS	STREME-6	7.0e-003	sp|Q9Y5E1|PCDB9_HUMAN	36.53	tp	1
6-AVDADSGYNAWLS	STREME-6	7.0e-003	sp|Q9Y5I4|PCDC2_HUMAN	31.96	tp	0
6-AVDADSGYNAWLS	STREME-6	7.0e-003	sp|Q9HC56|PCDH9_HUMAN	31.49	tp	0
6-AVDADSGYNAWLS	STREME-6	7.0e-003	sp|P55289|CAD12_HUMAN	30.04	tp	0
6-AVDADSGYNAWLS	STREME-6	7.0e-003	sp|Q9UN70|PCDGK_HUMAN	29.96	tp	0
6-AVDADSGYNAWLS	STREME-6	7.0e-003	sp|Q9NYQ7|CELR3_HUMAN	29.68	tp	0
6-AVDADSGYNAWLS	STREME-6	7.0e-003	sp|Q8TDW7|FAT3_HUMAN	29.38	tp	0
6-AVDADSGYNAWLS	STREME-6	7.0e-003	sp|Q13634|CAD18_HUMAN	28.77	tp	0
6-AVDADSGYNAWLS	STREME-6	7.0e-003	sp|Q9P2E7|PCD10_HUMAN	27.52	tp	0
6-AVDADSGYNAWLS	STREME-6	7.0e-003	sp|Q9BZA8|PC11Y_HUMAN	27.40	tp	0
6-AVDADSGYNAWLS	STREME-6	7.0e-003	sp|Q9BZA7|PC11X_HUMAN	27.40	fp	0
6-AVDADSGYNAWLS	STREME-6	7.0e-003	sp|Q16720|AT2B3_HUMAN	27.11	tp	0
6-AVDADSGYNAWLS	STREME-6	7.0e-003	sp|P20020|AT2B1_HUMAN	27.11	tp	0
6-AVDADSGYNAWLS	STREME-6	7.0e-003	sp|Q9Y5F6|PCDGM_HUMAN	26.51	tp	0
6-AVDADSGYNAWLS	STREME-6	7.0e-003	sp|Q9ULB4|CADH9_HUMAN	26.04	tp	0
6-AVDADSGYNAWLS	STREME-6	7.0e-003	sp|Q8N6Y1|PCD20_HUMAN	25.95	tp	0
6-AVDADSGYNAWLS	STREME-6	7.0e-003	sp|O14917|PCD17_HUMAN	25.64	tp	0
6-AVDADSGYNAWLS	STREME-6	7.0e-003	sp|Q9HCU4|CELR2_HUMAN	24.45	tp	0
6-AVDADSGYNAWLS	STREME-6	7.0e-003	sp|Q16623|STX1A_HUMAN	23.86	tp	0
6-AVDADSGYNAWLS	STREME-6	7.0e-003	sp|Q9HCJ6|VAT1L_HUMAN	23.76	tp	0
6-AVDADSGYNAWLS	STREME-6	7.0e-003	sp|Q9HBT6|CAD20_HUMAN	23.44	tp	0
6-AVDADSGYNAWLS	STREME-6	7.0e-003	sp|Q13509|TBB3_HUMAN	22.12	tp	0
6-AVDADSGYNAWLS	STREME-6	7.0e-003	sp|Q13885|TBB2A_HUMAN	22.12	tp	0
6-AVDADSGYNAWLS	STREME-6	7.0e-003	sp|Q9BVA1|TBB2B_HUMAN	22.12	tp	0
6-AVDADSGYNAWLS	STREME-6	7.0e-003	sp|P04350|TBB4A_HUMAN	22.12	tp	0
6-AVDADSGYNAWLS	STREME-6	7.0e-003	sp|P61266|STX1B_HUMAN	22.09	tp	0
6-AVDADSGYNAWLS	STREME-6	7.0e-003	sp|O95206|PCDH8_HUMAN	21.82	tp	0
6-AVDADSGYNAWLS	STREME-6	7.0e-003	sp|O95819|M4K4_HUMAN	21.75	fp	1
6-AVDADSGYNAWLS	STREME-6	7.0e-003	sp|Q9ULB5|CADH7_HUMAN	20.78	tp	1
6-AVDADSGYNAWLS	STREME-6	7.0e-003	sp|Q9Y6N8|CAD10_HUMAN	20.64	tp	1
6-AVDADSGYNAWLS	STREME-6	7.0e-003	sp|O60282|KIF5C_HUMAN	20.19	tp	0
6-AVDADSGYNAWLS	STREME-6	7.0e-003	sp|Q8WXX0|DYH7_HUMAN	20.15	tp	0
6-AVDADSGYNAWLS	STREME-6	7.0e-003	sp|P55286|CADH8_HUMAN	19.87	tp	0
6-AVDADSGYNAWLS	STREME-6	7.0e-003	sp|Q12840|KIF5A_HUMAN	19.48	tp	0
6-AVDADSGYNAWLS	STREME-6	7.0e-003	sp|Q96JP9|CDHR1_HUMAN	19.34	tp	0
6-AVDADSGYNAWLS	STREME-6	7.0e-003	sp|Q9NZR2|LRP1B_HUMAN	18.81	tp	0
6-AVDADSGYNAWLS	STREME-6	7.0e-003	sp|P98161|PKD1_HUMAN	18.03	tp	0
6-AVDADSGYNAWLS	STREME-6	7.0e-003	sp|Q9UJ99|CAD22_HUMAN	17.95	tp	0
6-AVDADSGYNAWLS	STREME-6	7.0e-003	sp|Q6MZW2|FSTL4_HUMAN	17.82	tp	0
6-AVDADSGYNAWLS	STREME-6	7.0e-003	sp|O94856|NFASC_HUMAN	17.73	tp	0
6-AVDADSGYNAWLS	STREME-6	7.0e-003	sp|Q9NYQ8|FAT2_HUMAN	17.65	tp	1
6-AVDADSGYNAWLS	STREME-6	7.0e-003	sp|Q9Y2G1|MYRF_HUMAN	17.48	tp	0
6-AVDADSGYNAWLS	STREME-6	7.0e-003	sp|P23468|PTPRD_HUMAN	17.46	tp	0
6-AVDADSGYNAWLS	STREME-6	7.0e-003	sp|Q9Y5F7|PCDGL_HUMAN	17.33	tp	1
6-AVDADSGYNAWLS	STREME-6	7.0e-003	sp|Q92823|NRCAM_HUMAN	17.25	tp	0
6-AVDADSGYNAWLS	STREME-6	7.0e-003	sp|A2RU67|F234B_HUMAN	17.01	tp	0
6-AVDADSGYNAWLS	STREME-6	7.0e-003	sp|O75096|LRP4_HUMAN	16.90	tp	0
6-AVDADSGYNAWLS	STREME-6	7.0e-003	sp|Q13367|AP3B2_HUMAN	16.56	tp	0
6-AVDADSGYNAWLS	STREME-6	7.0e-003	sp|O94923|GLCE_HUMAN	16.21	tp	0
6-AVDADSGYNAWLS	STREME-6	7.0e-003	sp|Q13255|GRM1_HUMAN	14.87	tp	0
6-AVDADSGYNAWLS	STREME-6	7.0e-003	sp|Q7L0X0|TRIL_HUMAN	14.73	tp	0
6-AVDADSGYNAWLS	STREME-6	7.0e-003	sp|Q05996|ZP2_HUMAN	14.21	tp	0
6-AVDADSGYNAWLS	STREME-6	7.0e-003	sp|O15069|NACAD_HUMAN	13.75	tp	0
6-AVDADSGYNAWLS	STREME-6	7.0e-003	sp|Q8TAB3|PCD19_HUMAN	13.66	tp	1
6-AVDADSGYNAWLS	STREME-6	7.0e-003	sp|Q86SE5|RALYL_HUMAN	13.54	fp	0
6-AVDADSGYNAWLS	STREME-6	7.0e-003	sp|O15240|VGF_HUMAN	13.16	tp	0
6-AVDADSGYNAWLS	STREME-6	7.0e-003	sp|Q96FC7|PHIPL_HUMAN	12.79	tp	0
6-AVDADSGYNAWLS	STREME-6	7.0e-003	sp|O95970|LGI1_HUMAN	12.75	tp	0
6-AVDADSGYNAWLS	STREME-6	7.0e-003	sp|Q9C0G6|DYH6_HUMAN	12.62	tp	0
6-AVDADSGYNAWLS	STREME-6	7.0e-003	sp|Q13480|GAB1_HUMAN	12.36	tp	0
#
7-ALDREQ	STREME-7	8.8e-003	sp|O14917|PCD17_HUMAN	21.38	tp	0
7-ALDREQ	STREME-7	8.8e-003	sp|Q9NYQ8|FAT2_HUMAN	21.38	tp	1
7-ALDREQ	STREME-7	8.8e-003	sp|Q9Y5F9|PCDGI_HUMAN	21.38	tp	1
7-ALDREQ	STREME-7	8.8e-003	sp|Q9Y5H3|PCDGA_HUMAN	21.38	tp	1
7-ALDREQ	STREME-7	8.8e-003	sp|Q9UN75|PCDAC_HUMAN	20.04	tp	0
7-ALDREQ	STREME-7	8.8e-003	sp|Q9NYQ7|CELR3_HUMAN	20.04	tp	0
7-ALDREQ	STREME-7	8.8e-003	sp|Q9Y5H5|PCDA9_HUMAN	20.04	tp	0
7-ALDREQ	STREME-7	8.8e-003	sp|Q9Y5H7|PCDA5_HUMAN	20.04	tp	0
7-ALDREQ	STREME-7	8.8e-003	sp|Q9UN72|PCDA7_HUMAN	20.04	tp	0
7-ALDREQ	STREME-7	8.8e-003	sp|Q9ULB4|CADH9_HUMAN	20.04	tp	0
7-ALDREQ	STREME-7	8.8e-003	sp|Q86TE4|LUZP2_HUMAN	20.04	tp	0
7-ALDREQ	STREME-7	8.8e-003	sp|Q9UN73|PCDA6_HUMAN	20.04	tp	0
7-ALDREQ	STREME-7	8.8e-003	sp|Q9Y5H9|PCDA2_HUMAN	20.04	tp	0
7-ALDREQ	STREME-7	8.8e-003	sp|Q9Y5I3|PCDA1_HUMAN	20.04	tp	0
7-ALDREQ	STREME-7	8.8e-003	sp|Q9UN74|PCDA4_HUMAN	20.04	tp	0
7-ALDREQ	STREME-7	8.8e-003	sp|Q9Y5E1|PCDB9_HUMAN	20.04	tp	1
7-ALDREQ	STREME-7	8.8e-003	sp|Q9Y5I0|PCDAD_HUMAN	20.04	tp	1
7-ALDREQ	STREME-7	8.8e-003	sp|Q9Y5H6|PCDA8_HUMAN	19.48	tp	0
7-ALDREQ	STREME-7	8.8e-003	sp|Q9UN70|PCDGK_HUMAN	19.48	tp	0
7-ALDREQ	STREME-7	8.8e-003	sp|Q9Y5I2|PCDAA_HUMAN	19.48	tp	0
7-ALDREQ	STREME-7	8.8e-003	sp|Q86UR5|RIMS1_HUMAN	19.25	tp	0
7-ALDREQ	STREME-7	8.8e-003	sp|Q9UJ99|CAD22_HUMAN	18.74	tp	0
7-ALDREQ	STREME-7	8.8e-003	sp|Q8TAB3|PCD19_HUMAN	18.74	tp	1
7-ALDREQ	STREME-7	8.8e-003	sp|Q8TDW7|FAT3_HUMAN	18.57	tp	0
7-ALDREQ	STREME-7	8.8e-003	sp|Q9P2E7|PCD10_HUMAN	18.57	tp	0
7-ALDREQ	STREME-7	8.8e-003	sp|Q9Y5I1|PCDAB_HUMAN	18.45	tp	0
7-ALDREQ	STREME-7	8.8e-003	sp|O60330|PCDGC_HUMAN	18.17	tp	0
7-ALDREQ	STREME-7	8.8e-003	sp|Q9HC56|PCDH9_HUMAN	17.92	tp	0
7-ALDREQ	STREME-7	8.8e-003	sp|O95206|PCDH8_HUMAN	17.91	tp	0
7-ALDREQ	STREME-7	8.8e-003	sp|Q5SZD1|CF141_HUMAN	17.91	tp	1
7-ALDREQ	STREME-7	8.8e-003	sp|Q8N6Y1|PCD20_HUMAN	17.61	tp	0
7-ALDREQ	STREME-7	8.8e-003	sp|Q13634|CAD18_HUMAN	17.61	tp	0
7-ALDREQ	STREME-7	8.8e-003	sp|Q96JP9|CDHR1_HUMAN	17.35	tp	0
7-ALDREQ	STREME-7	8.8e-003	sp|O95996|APCL_HUMAN	17.35	tp	0
7-ALDREQ	STREME-7	8.8e-003	sp|Q9Y5H8|PCDA3_HUMAN	17.23	tp	0
7-ALDREQ	STREME-7	8.8e-003	sp|Q9Y5I4|PCDC2_HUMAN	16.98	tp	0
7-ALDREQ	STREME-7	8.8e-003	sp|Q9HC10|OTOF_HUMAN	16.84	tp	0
7-ALDREQ	STREME-7	8.8e-003	sp|P55283|CADH4_HUMAN	16.82	tp	0
7-ALDREQ	STREME-7	8.8e-003	sp|P61981|1433G_HUMAN	16.62	tp	0
7-ALDREQ	STREME-7	8.8e-003	sp|Q9Y5G7|PCDG6_HUMAN	16.46	tp	0
7-ALDREQ	STREME-7	8.8e-003	sp|Q9Y5G3|PCDGD_HUMAN	16.41	tp	0
7-ALDREQ	STREME-7	8.8e-003	sp|P55289|CAD12_HUMAN	16.01	tp	0
7-ALDREQ	STREME-7	8.8e-003	sp|Q92581|SL9A6_HUMAN	15.89	tp	0
7-ALDREQ	STREME-7	8.8e-003	sp|Q9HCU4|CELR2_HUMAN	15.80	tp	0
7-ALDREQ	STREME-7	8.8e-003	sp|O94933|SLIK3_HUMAN	15.46	tp	0
7-ALDREQ	STREME-7	8.8e-003	sp|Q16478|GRIK5_HUMAN	15.29	tp	0
7-ALDREQ	STREME-7	8.8e-003	sp|Q6DN14|MCTP1_HUMAN	15.10	tp	0
7-ALDREQ	STREME-7	8.8e-003	sp|Q04917|1433F_HUMAN	14.85	tp	0
7-ALDREQ	STREME-7	8.8e-003	sp|H7BZ55|CRCC2_HUMAN	14.84	tp	0
7-ALDREQ	STREME-7	8.8e-003	sp|Q92854|SEM4D_HUMAN	14.65	tp	0
7-ALDREQ	STREME-7	8.8e-003	sp|P12755|SKI_HUMAN	14.39	tp	0
#
8-VGLYTGEISTT	STREME-8	1.8e-002	sp|Q9UN75|PCDAC_HUMAN	37.54	tp	0
8-VGLYTGEISTT	STREME-8	1.8e-002	sp|Q9Y5H5|PCDA9_HUMAN	37.54	tp	0
8-VGLYTGEISTT	STREME-8	1.8e-002	sp|Q9Y5H6|PCDA8_HUMAN	37.54	tp	0
8-VGLYTGEISTT	STREME-8	1.8e-002	sp|Q9Y5H7|PCDA5_HUMAN	37.54	tp	0
8-VGLYTGEISTT	STREME-8	1.8e-002	sp|Q9UN72|PCDA7_HUMAN	37.54	tp	0
8-VGLYTGEISTT	STREME-8	1.8e-002	sp|Q9Y5I2|PCDAA_HUMAN	37.54	tp	0
8-VGLYTGEISTT	STREME-8	1.8e-002	sp|Q9UN73|PCDA6_HUMAN	37.54	tp	0
8-VGLYTGEISTT	STREME-8	1.8e-002	sp|Q9Y5H9|PCDA2_HUMAN	37.54	tp	0
8-VGLYTGEISTT	STREME-8	1.8e-002	sp|Q9Y5I3|PCDA1_HUMAN	37.54	tp	0
8-VGLYTGEISTT	STREME-8	1.8e-002	sp|Q9UN74|PCDA4_HUMAN	37.54	tp	0
8-VGLYTGEISTT	STREME-8	1.8e-002	sp|Q9Y5I1|PCDAB_HUMAN	37.54	tp	0
8-VGLYTGEISTT	STREME-8	1.8e-002	sp|Q9Y5H8|PCDA3_HUMAN	37.54	tp	0
8-VGLYTGEISTT	STREME-8	1.8e-002	sp|Q9Y5I0|PCDAD_HUMAN	37.54	tp	1
8-VGLYTGEISTT	STREME-8	1.8e-002	sp|Q9Y5G6|PCDG7_HUMAN	35.02	tp	0
8-VGLYTGEISTT	STREME-8	1.8e-002	sp|Q9Y5G7|PCDG6_HUMAN	34.30	tp	0
8-VGLYTGEISTT	STREME-8	1.8e-002	sp|Q9Y5G8|PCDG5_HUMAN	34.30	tp	0
8-VGLYTGEISTT	STREME-8	1.8e-002	sp|Q9Y5H4|PCDG1_HUMAN	34.30	tp	0
8-VGLYTGEISTT	STREME-8	1.8e-002	sp|O60330|PCDGC_HUMAN	34.30	tp	0
8-VGLYTGEISTT	STREME-8	1.8e-002	sp|Q9Y5I4|PCDC2_HUMAN	33.22	tp	0
8-VGLYTGEISTT	STREME-8	1.8e-002	sp|Q9UN70|PCDGK_HUMAN	32.16	tp	0
8-VGLYTGEISTT	STREME-8	1.8e-002	sp|Q9Y5H2|PCDGB_HUMAN	30.90	tp	1
8-VGLYTGEISTT	STREME-8	1.8e-002	sp|Q9Y5H3|PCDGA_HUMAN	30.90	tp	1
8-VGLYTGEISTT	STREME-8	1.8e-002	sp|Q9UJ99|CAD22_HUMAN	30.30	tp	0
8-VGLYTGEISTT	STREME-8	1.8e-002	sp|Q13634|CAD18_HUMAN	30.30	tp	0
8-VGLYTGEISTT	STREME-8	1.8e-002	sp|P55289|CAD12_HUMAN	29.20	tp	0
8-VGLYTGEISTT	STREME-8	1.8e-002	sp|Q9HBT6|CAD20_HUMAN	28.92	tp	0
8-VGLYTGEISTT	STREME-8	1.8e-002	sp|Q9Y5F6|PCDGM_HUMAN	27.77	tp	0
8-VGLYTGEISTT	STREME-8	1.8e-002	sp|Q9Y5G3|PCDGD_HUMAN	27.02	tp	0
8-VGLYTGEISTT	STREME-8	1.8e-002	sp|Q9Y5F9|PCDGI_HUMAN	27.02	tp	1
8-VGLYTGEISTT	STREME-8	1.8e-002	sp|O95206|PCDH8_HUMAN	24.98	tp	0
8-VGLYTGEISTT	STREME-8	1.8e-002	sp|P09104|ENOG_HUMAN	24.79	tp	0
8-VGLYTGEISTT	STREME-8	1.8e-002	sp|Q9P2E7|PCD10_HUMAN	24.62	tp	0
8-VGLYTGEISTT	STREME-8	1.8e-002	sp|Q9HC56|PCDH9_HUMAN	23.82	tp	0
8-VGLYTGEISTT	STREME-8	1.8e-002	sp|P55291|CAD15_HUMAN	23.75	tp	0
8-VGLYTGEISTT	STREME-8	1.8e-002	sp|Q8TDW7|FAT3_HUMAN	23.02	tp	0
8-VGLYTGEISTT	STREME-8	1.8e-002	sp|Q9ULB5|CADH7_HUMAN	22.76	tp	1
8-VGLYTGEISTT	STREME-8	1.8e-002	sp|Q08828|ADCY1_HUMAN	21.41	tp	0
8-VGLYTGEISTT	STREME-8	1.8e-002	sp|Q9HCU4|CELR2_HUMAN	21.23	tp	0
8-VGLYTGEISTT	STREME-8	1.8e-002	sp|Q9BZA8|PC11Y_HUMAN	20.59	tp	0
8-VGLYTGEISTT	STREME-8	1.8e-002	sp|Q9BZA7|PC11X_HUMAN	20.59	fp	0
8-VGLYTGEISTT	STREME-8	1.8e-002	sp|O14917|PCD17_HUMAN	20.31	tp	0
8-VGLYTGEISTT	STREME-8	1.8e-002	sp|O75509|TNR21_HUMAN	20.19	tp	0
8-VGLYTGEISTT	STREME-8	1.8e-002	sp|Q96NI6|LRFN5_HUMAN	18.85	tp	0
8-VGLYTGEISTT	STREME-8	1.8e-002	sp|Q14CZ8|HECAM_HUMAN	17.15	tp	0
8-VGLYTGEISTT	STREME-8	1.8e-002	sp|P0C091|FREM3_HUMAN	16.90	tp	0
8-VGLYTGEISTT	STREME-8	1.8e-002	sp|Q9ULH4|LRFN2_HUMAN	16.81	tp	0
8-VGLYTGEISTT	STREME-8	1.8e-002	sp|Q9Y5F7|PCDGL_HUMAN	16.80	tp	1
8-VGLYTGEISTT	STREME-8	1.8e-002	sp|Q9BQT9|CSTN3_HUMAN	15.21	tp	0
8-VGLYTGEISTT	STREME-8	1.8e-002	sp|Q92932|PTPR2_HUMAN	14.24	tp	0
#
9-GQLHYSVPEEA	STREME-9	1.8e-002	sp|Q9Y5H5|PCDA9_HUMAN	40.15	tp	0
9-GQLHYSVPEEA	STREME-9	1.8e-002	sp|Q9Y5H6|PCDA8_HUMAN	40.15	tp	0
9-GQLHYSVPEEA	STREME-9	1.8e-002	sp|Q9UN72|PCDA7_HUMAN	40.15	tp	0
9-GQLHYSVPEEA	STREME-9	1.8e-002	sp|Q9UN73|PCDA6_HUMAN	40.15	tp	0
9-GQLHYSVPEEA	STREME-9	1.8e-002	sp|Q9Y5I0|PCDAD_HUMAN	40.15	tp	1
9-GQLHYSVPEEA	STREME-9	1.8e-002	sp|Q9Y5H7|PCDA5_HUMAN	39.29	tp	0
9-GQLHYSVPEEA	STREME-9	1.8e-002	sp|Q9Y5I3|PCDA1_HUMAN	39.29	tp	0
9-GQLHYSVPEEA	STREME-9	1.8e-002	sp|Q9UN75|PCDAC_HUMAN	38.44	tp	0
9-GQLHYSVPEEA	STREME-9	1.8e-002	sp|Q9Y5I2|PCDAA_HUMAN	38.44	tp	0
9-GQLHYSVPEEA	STREME-9	1.8e-002	sp|Q9UN74|PCDA4_HUMAN	38.09	tp	0
9-GQLHYSVPEEA	STREME-9	1.8e-002	sp|Q9Y5I1|PCDAB_HUMAN	38.09	tp	0
9-GQLHYSVPEEA	STREME-9	1.8e-002	sp|Q9Y5H8|PCDA3_HUMAN	38.09	tp	0
9-GQLHYSVPEEA	STREME-9	1.8e-002	sp|Q9Y5H9|PCDA2_HUMAN	37.81	tp	0
9-GQLHYSVPEEA	STREME-9	1.8e-002	sp|Q9Y5H4|PCDG1_HUMAN	35.13	tp	0
9-GQLHYSVPEEA	STREME-9	1.8e-002	sp|Q9Y5I4|PCDC2_HUMAN	33.43	tp	0
9-GQLHYSVPEEA	STREME-9	1.8e-002	sp|Q9Y5G8|PCDG5_HUMAN	33.02	tp	0
9-GQLHYSVPEEA	STREME-9	1.8e-002	sp|O60330|PCDGC_HUMAN	32.93	tp	0
9-GQLHYSVPEEA	STREME-9	1.8e-002	sp|Q9Y5G7|PCDG6_HUMAN	30.55	tp	0
9-GQLHYSVPEEA	STREME-9	1.8e-002	sp|Q9P2E7|PCD10_HUMAN	30.25	tp	0
9-GQLHYSVPEEA	STREME-9	1.8e-002	sp|Q9Y5F6|PCDGM_HUMAN	30.23	tp	0
9-GQLHYSVPEEA	STREME-9	1.8e-002	sp|Q9Y5G3|PCDGD_HUMAN	29.20	tp	0
9-GQLHYSVPEEA	STREME-9	1.8e-002	sp|O14917|PCD17_HUMAN	28.14	tp	0
9-GQLHYSVPEEA	STREME-9	1.8e-002	sp|Q9Y5G6|PCDG7_HUMAN	26.37	tp	0
9-GQLHYSVPEEA	STREME-9	1.8e-002	sp|P13637|AT1A3_HUMAN	25.73	tp	0
9-GQLHYSVPEEA	STREME-9	1.8e-002	sp|Q9Y5H2|PCDGB_HUMAN	24.69	tp	1
9-GQLHYSVPEEA	STREME-9	1.8e-002	sp|Q9UN70|PCDGK_HUMAN	24.49	tp	0
9-GQLHYSVPEEA	STREME-9	1.8e-002	sp|Q9Y5F7|PCDGL_HUMAN	23.11	tp	1
9-GQLHYSVPEEA	STREME-9	1.8e-002	sp|Q9UQF2|JIP1_HUMAN	20.73	tp	0
9-GQLHYSVPEEA	STREME-9	1.8e-002	sp|Q8IZF0|NALCN_HUMAN	20.40	tp	0
9-GQLHYSVPEEA	STREME-9	1.8e-002	sp|Q9Y5F9|PCDGI_HUMAN	18.93	tp	1
9-GQLHYSVPEEA	STREME-9	1.8e-002	sp|Q9Y5H3|PCDGA_HUMAN	13.99	tp	1
9-GQLHYSVPEEA	STREME-9	1.8e-002	sp|Q9Y5E1|PCDB9_HUMAN	10.49	tp	1
9-GQLHYSVPEEA	STREME-9	1.8e-002	sp|Q658N2|WSCD1_HUMAN	9.28	tp	0
#
10-IDREED	STREME-10	2.2e-002	sp|Q9UJ99|CAD22_HUMAN	21.08	tp	0
10-IDREED	STREME-10	2.2e-002	sp|Q9Y5H5|PCDA9_HUMAN	19.87	tp	0
10-IDREED	STREME-10	2.2e-002	sp|Q9Y5H6|PCDA8_HUMAN	19.87	tp	0
10-IDREED	STREME-10	2.2e-002	sp|Q9Y5H7|PCDA5_HUMAN	19.87	tp	0
10-IDREED	STREME-10	2.2e-002	sp|Q9UN72|PCDA7_HUMAN	19.87	tp	0
10-IDREED	STREME-10	2.2e-002	sp|Q9Y5I2|PCDAA_HUMAN	19.87	tp	0
10-IDREED	STREME-10	2.2e-002	sp|Q9UN73|PCDA6_HUMAN	19.87	tp	0
10-IDREED	STREME-10	2.2e-002	sp|Q9Y5G7|PCDG6_HUMAN	19.87	tp	0
10-IDREED	STREME-10	2.2e-002	sp|Q9Y5H9|PCDA2_HUMAN	19.87	tp	0
10-IDREED	STREME-10	2.2e-002	sp|Q9Y5G8|PCDG5_HUMAN	19.87	tp	0
10-IDREED	STREME-10	2.2e-002	sp|Q9Y5H4|PCDG1_HUMAN	19.87	tp	0
10-IDREED	STREME-10	2.2e-002	sp|Q9Y5I3|PCDA1_HUMAN	19.87	tp	0
10-IDREED	STREME-10	2.2e-002	sp|Q9UN74|PCDA4_HUMAN	19.87	tp	0
10-IDREED	STREME-10	2.2e-002	sp|Q9Y5I1|PCDAB_HUMAN	19.87	tp	0
10-IDREED	STREME-10	2.2e-002	sp|O60330|PCDGC_HUMAN	19.87	tp	0
10-IDREED	STREME-10	2.2e-002	sp|Q9Y5H8|PCDA3_HUMAN	19.87	tp	0
10-IDREED	STREME-10	2.2e-002	sp|Q9Y5H2|PCDGB_HUMAN	19.87	tp	1
10-IDREED	STREME-10	2.2e-002	sp|Q9Y5I0|PCDAD_HUMAN	19.87	tp	1
10-IDREED	STREME-10	2.2e-002	sp|Q9Y5H3|PCDGA_HUMAN	19.87	tp	1
10-IDREED	STREME-10	2.2e-002	sp|O14917|PCD17_HUMAN	19.36	tp	0
10-IDREED	STREME-10	2.2e-002	sp|Q9Y5F6|PCDGM_HUMAN	19.36	tp	0
10-IDREED	STREME-10	2.2e-002	sp|Q9Y6V0|PCLO_HUMAN	18.50	tp	0
10-IDREED	STREME-10	2.2e-002	sp|Q9NRH3|TBG2_HUMAN	18.37	fp	0
10-IDREED	STREME-10	2.2e-002	sp|Q9Y5G6|PCDG7_HUMAN	18.32	tp	0
10-IDREED	STREME-10	2.2e-002	sp|Q9UN75|PCDAC_HUMAN	17.60	tp	0
10-IDREED	STREME-10	2.2e-002	sp|Q9BZA8|PC11Y_HUMAN	17.60	tp	0
10-IDREED	STREME-10	2.2e-002	sp|Q9HC56|PCDH9_HUMAN	17.60	tp	0
10-IDREED	STREME-10	2.2e-002	sp|Q9BZA7|PC11X_HUMAN	17.60	fp	0
10-IDREED	STREME-10	2.2e-002	sp|Q9HBT6|CAD20_HUMAN	17.45	tp	0
10-IDREED	STREME-10	2.2e-002	sp|Q8IV36|HID1_HUMAN	16.79	tp	0
10-IDREED	STREME-10	2.2e-002	sp|Q8N6Y1|PCD20_HUMAN	16.66	tp	0
10-IDREED	STREME-10	2.2e-002	sp|Q9Y5I4|PCDC2_HUMAN	16.66	tp	0
10-IDREED	STREME-10	2.2e-002	sp|Q9Y5F7|PCDGL_HUMAN	16.66	tp	1
10-IDREED	STREME-10	2.2e-002	sp|Q9NT68|TEN2_HUMAN	16.28	tp	1
10-IDREED	STREME-10	2.2e-002	sp|Q9Y5G3|PCDGD_HUMAN	16.05	tp	0
10-IDREED	STREME-10	2.2e-002	sp|Q9C0B6|BRNP2_HUMAN	15.99	tp	0
10-IDREED	STREME-10	2.2e-002	sp|O94779|CNTN5_HUMAN	15.96	tp	0
10-IDREED	STREME-10	2.2e-002	sp|Q8IZS8|CA2D3_HUMAN	15.93	tp	0
10-IDREED	STREME-10	2.2e-002	sp|Q9P2E7|PCD10_HUMAN	15.84	tp	0
10-IDREED	STREME-10	2.2e-002	sp|Q9Y5F9|PCDGI_HUMAN	15.84	tp	1
10-IDREED	STREME-10	2.2e-002	sp|Q9BZC7|ABCA2_HUMAN	15.74	tp	0
10-IDREED	STREME-10	2.2e-002	sp|Q05BV3|EMAL5_HUMAN	15.72	fp	0
10-IDREED	STREME-10	2.2e-002	sp|Q8NBL3|T178A_HUMAN	15.43	tp	0
10-IDREED	STREME-10	2.2e-002	sp|A5PKW4|PSD1_HUMAN	15.32	tp	0
10-IDREED	STREME-10	2.2e-002	sp|Q86TA1|MOB3B_HUMAN	14.92	fp	0
10-IDREED	STREME-10	2.2e-002	sp|Q14C87|T132D_HUMAN	14.85	tp	0
10-IDREED	STREME-10	2.2e-002	sp|P05771|KPCB_HUMAN	14.47	fp	0
10-IDREED	STREME-10	2.2e-002	sp|P49758|RGS6_HUMAN	14.36	fp	0
10-IDREED	STREME-10	2.2e-002	sp|Q96QE2|MYCT_HUMAN	14.30	tp	0
10-IDREED	STREME-10	2.2e-002	sp|Q9UKU6|TRHDE_HUMAN	14.28	tp	0
10-IDREED	STREME-10	2.2e-002	sp|O43897|TLL1_HUMAN	14.26	tp	0
10-IDREED	STREME-10	2.2e-002	sp|Q9ULU8|CAPS1_HUMAN	14.14	tp	0
10-IDREED	STREME-10	2.2e-002	sp|Q86UW7|CAPS2_HUMAN	14.14	tp	0
10-IDREED	STREME-10	2.2e-002	sp|Q86UL8|MAGI2_HUMAN	14.06	tp	0
10-IDREED	STREME-10	2.2e-002	sp|P55286|CADH8_HUMAN	13.97	tp	0
10-IDREED	STREME-10	2.2e-002	sp|Q6ZT98|TTLL7_HUMAN	13.63	fp	0
10-IDREED	STREME-10	2.2e-002	sp|Q14CZ8|HECAM_HUMAN	13.60	tp	0
10-IDREED	STREME-10	2.2e-002	sp|P55283|CADH4_HUMAN	13.60	tp	0
10-IDREED	STREME-10	2.2e-002	sp|Q6Q759|SPG17_HUMAN	13.60	tp	0
10-IDREED	STREME-10	2.2e-002	sp|P59510|ATS20_HUMAN	13.59	fp	0
10-IDREED	STREME-10	2.2e-002	sp|Q96GW7|PGCB_HUMAN	13.48	tp	0
10-IDREED	STREME-10	2.2e-002	sp|P25054|APC_HUMAN	13.45	tp	0
10-IDREED	STREME-10	2.2e-002	sp|P0C091|FREM3_HUMAN	13.41	tp	0
10-IDREED	STREME-10	2.2e-002	sp|Q5VVW2|GARL3_HUMAN	13.31	fp	0
10-IDREED	STREME-10	2.2e-002	sp|Q9HCK1|ZDBF2_HUMAN	13.28	fp	0
10-IDREED	STREME-10	2.2e-002	sp|Q6UXZ4|UNC5D_HUMAN	13.25	tp	1
10-IDREED	STREME-10	2.2e-002	sp|Q8TAB3|PCD19_HUMAN	13.06	tp	1
10-IDREED	STREME-10	2.2e-002	sp|O43424|GRID2_HUMAN	13.03	tp	0
10-IDREED	STREME-10	2.2e-002	sp|Q9H3R1|NDST4_HUMAN	13.01	tp	0
10-IDREED	STREME-10	2.2e-002	sp|O95803|NDST3_HUMAN	13.01	fp	0
10-IDREED	STREME-10	2.2e-002	sp|P55289|CAD12_HUMAN	13.00	tp	0
10-IDREED	STREME-10	2.2e-002	sp|Q9NYG8|KCNK4_HUMAN	12.90	fp	1
10-IDREED	STREME-10	2.2e-002	sp|Q14DG7|T132B_HUMAN	12.89	tp	0
10-IDREED	STREME-10	2.2e-002	sp|Q99435|NELL2_HUMAN	12.83	tp	0
10-IDREED	STREME-10	2.2e-002	sp|Q9UI47|CTNA3_HUMAN	12.83	tp	0
10-IDREED	STREME-10	2.2e-002	sp|A2RU67|F234B_HUMAN	12.81	tp	0
#
11-NALVSYSLVE	STREME-11	2.2e-002	sp|Q9UN75|PCDAC_HUMAN	36.17	tp	0
11-NALVSYSLVE	STREME-11	2.2e-002	sp|Q9Y5H5|PCDA9_HUMAN	36.17	tp	0
11-NALVSYSLVE	STREME-11	2.2e-002	sp|Q9Y5H6|PCDA8_HUMAN	36.17	tp	0
11-NALVSYSLVE	STREME-11	2.2e-002	sp|Q9Y5H7|PCDA5_HUMAN	36.17	tp	0
11-NALVSYSLVE	STREME-11	2.2e-002	sp|Q9UN72|PCDA7_HUMAN	36.17	tp	0
11-NALVSYSLVE	STREME-11	2.2e-002	sp|Q9Y5I2|PCDAA_HUMAN	36.17	tp	0
11-NALVSYSLVE	STREME-11	2.2e-002	sp|Q9UN73|PCDA6_HUMAN	36.17	tp	0
11-NALVSYSLVE	STREME-11	2.2e-002	sp|Q9Y5H9|PCDA2_HUMAN	36.17	tp	0
11-NALVSYSLVE	STREME-11	2.2e-002	sp|Q9Y5I3|PCDA1_HUMAN	36.17	tp	0
11-NALVSYSLVE	STREME-11	2.2e-002	sp|Q9UN74|PCDA4_HUMAN	36.17	tp	0
11-NALVSYSLVE	STREME-11	2.2e-002	sp|Q9Y5I1|PCDAB_HUMAN	36.17	tp	0
11-NALVSYSLVE	STREME-11	2.2e-002	sp|Q9Y5H8|PCDA3_HUMAN	36.17	tp	0
11-NALVSYSLVE	STREME-11	2.2e-002	sp|Q9Y5I0|PCDAD_HUMAN	36.17	tp	1
11-NALVSYSLVE	STREME-11	2.2e-002	sp|Q9Y5G7|PCDG6_HUMAN	34.50	tp	0
11-NALVSYSLVE	STREME-11	2.2e-002	sp|Q9Y5G6|PCDG7_HUMAN	32.39	tp	0
11-NALVSYSLVE	STREME-11	2.2e-002	sp|O60330|PCDGC_HUMAN	32.39	tp	0
11-NALVSYSLVE	STREME-11	2.2e-002	sp|Q9Y5G8|PCDG5_HUMAN	32.17	tp	0
11-NALVSYSLVE	STREME-11	2.2e-002	sp|Q9Y5F7|PCDGL_HUMAN	31.50	tp	1
11-NALVSYSLVE	STREME-11	2.2e-002	sp|Q9Y5I4|PCDC2_HUMAN	29.77	tp	0
11-NALVSYSLVE	STREME-11	2.2e-002	sp|O95206|PCDH8_HUMAN	26.12	tp	0
11-NALVSYSLVE	STREME-11	2.2e-002	sp|Q9HCU4|CELR2_HUMAN	25.86	tp	0
11-NALVSYSLVE	STREME-11	2.2e-002	sp|Q8TDW7|FAT3_HUMAN	25.62	tp	0
11-NALVSYSLVE	STREME-11	2.2e-002	sp|Q9C0J1|B3GN4_HUMAN	24.82	tp	0
11-NALVSYSLVE	STREME-11	2.2e-002	sp|P23471|PTPRZ_HUMAN	24.09	tp	0
11-NALVSYSLVE	STREME-11	2.2e-002	sp|Q8WXX0|DYH7_HUMAN	23.14	tp	0
11-NALVSYSLVE	STREME-11	2.2e-002	sp|Q9Y5H3|PCDGA_HUMAN	22.35	tp	1
11-NALVSYSLVE	STREME-11	2.2e-002	sp|Q9Y5E1|PCDB9_HUMAN	21.74	tp	1
11-NALVSYSLVE	STREME-11	2.2e-002	sp|Q9NYQ8|FAT2_HUMAN	20.35	tp	1
11-NALVSYSLVE	STREME-11	2.2e-002	sp|Q9NYQ7|CELR3_HUMAN	15.85	tp	0
11-NALVSYSLVE	STREME-11	2.2e-002	sp|Q9Y5G3|PCDGD_HUMAN	13.94	tp	0
11-NALVSYSLVE	STREME-11	2.2e-002	sp|Q9Y5H2|PCDGB_HUMAN	13.83	tp	1
11-NALVSYSLVE	STREME-11	2.2e-002	sp|O14511|NRG2_HUMAN	13.52	fp	1
11-NALVSYSLVE	STREME-11	2.2e-002	sp|Q9P2E7|PCD10_HUMAN	8.47	tp	0
11-NALVSYSLVE	STREME-11	2.2e-002	sp|Q9Y5F6|PCDGM_HUMAN	8.26	tp	0
11-NALVSYSLVE	STREME-11	2.2e-002	sp|Q9Y5F9|PCDGI_HUMAN	7.07	tp	1
11-NALVSYSLVE	STREME-11	2.2e-002	sp|O14917|PCD17_HUMAN	5.89	tp	0
11-NALVSYSLVE	STREME-11	2.2e-002	sp|Q8TAB3|PCD19_HUMAN	5.36	tp	1
11-NALVSYSLVE	STREME-11	2.2e-002	sp|Q9Y5H4|PCDG1_HUMAN	5.23	tp	0
#
12-DHGTPA	STREME-12	3.4e-002	sp|Q9HCU4|CELR2_HUMAN	22.27	tp	0
12-DHGTPA	STREME-12	3.4e-002	sp|Q9UN75|PCDAC_HUMAN	21.36	tp	0
12-DHGTPA	STREME-12	3.4e-002	sp|Q9Y5H5|PCDA9_HUMAN	21.36	tp	0
12-DHGTPA	STREME-12	3.4e-002	sp|Q9Y5H6|PCDA8_HUMAN	21.36	tp	0
12-DHGTPA	STREME-12	3.4e-002	sp|Q9UN73|PCDA6_HUMAN	21.36	tp	0
12-DHGTPA	STREME-12	3.4e-002	sp|Q9Y5H9|PCDA2_HUMAN	21.36	tp	0
12-DHGTPA	STREME-12	3.4e-002	sp|Q9Y5I3|PCDA1_HUMAN	21.36	tp	0
12-DHGTPA	STREME-12	3.4e-002	sp|Q9UN74|PCDA4_HUMAN	21.36	tp	0
12-DHGTPA	STREME-12	3.4e-002	sp|Q9Y5I1|PCDAB_HUMAN	21.36	tp	0
12-DHGTPA	STREME-12	3.4e-002	sp|Q9Y5I0|PCDAD_HUMAN	21.36	tp	1
12-DHGTPA	STREME-12	3.4e-002	sp|Q9Y5G8|PCDG5_HUMAN	21.27	tp	0
12-DHGTPA	STREME-12	3.4e-002	sp|Q9Y5H7|PCDA5_HUMAN	20.36	tp	0
12-DHGTPA	STREME-12	3.4e-002	sp|Q9P2E7|PCD10_HUMAN	19.38	tp	0
12-DHGTPA	STREME-12	3.4e-002	sp|Q9Y5G7|PCDG6_HUMAN	19.38	tp	0
12-DHGTPA	STREME-12	3.4e-002	sp|Q9Y5H4|PCDG1_HUMAN	19.38	tp	0
12-DHGTPA	STREME-12	3.4e-002	sp|Q9Y5G6|PCDG7_HUMAN	19.38	tp	0
12-DHGTPA	STREME-12	3.4e-002	sp|O60330|PCDGC_HUMAN	19.38	tp	0
12-DHGTPA	STREME-12	3.4e-002	sp|Q9Y5H2|PCDGB_HUMAN	19.38	tp	1
12-DHGTPA	STREME-12	3.4e-002	sp|Q9Y5H3|PCDGA_HUMAN	19.38	tp	1
12-DHGTPA	STREME-12	3.4e-002	sp|Q9UN72|PCDA7_HUMAN	18.76	tp	0
12-DHGTPA	STREME-12	3.4e-002	sp|Q9Y5I2|PCDAA_HUMAN	18.76	tp	0
12-DHGTPA	STREME-12	3.4e-002	sp|Q9Y5H8|PCDA3_HUMAN	18.76	tp	0
12-DHGTPA	STREME-12	3.4e-002	sp|Q16827|PTPRO_HUMAN	17.73	tp	0
12-DHGTPA	STREME-12	3.4e-002	sp|Q8TDW7|FAT3_HUMAN	17.36	tp	0
12-DHGTPA	STREME-12	3.4e-002	sp|Q9UN70|PCDGK_HUMAN	17.36	tp	0
12-DHGTPA	STREME-12	3.4e-002	sp|Q9Y5F6|PCDGM_HUMAN	17.36	tp	0
12-DHGTPA	STREME-12	3.4e-002	sp|O14522|PTPRT_HUMAN	17.34	tp	0
12-DHGTPA	STREME-12	3.4e-002	sp|Q9P0K1|ADA22_HUMAN	17.34	tp	0
12-DHGTPA	STREME-12	3.4e-002	sp|P04180|LCAT_HUMAN	17.11	tp	0
12-DHGTPA	STREME-12	3.4e-002	sp|P23468|PTPRD_HUMAN	16.74	tp	0
12-DHGTPA	STREME-12	3.4e-002	sp|Q9NYQ7|CELR3_HUMAN	16.46	tp	0
12-DHGTPA	STREME-12	3.4e-002	sp|Q8N6Y1|PCD20_HUMAN	16.46	tp	0
12-DHGTPA	STREME-12	3.4e-002	sp|Q9H3T3|SEM6B_HUMAN	16.29	tp	0
12-DHGTPA	STREME-12	3.4e-002	sp|O14917|PCD17_HUMAN	16.26	tp	0
12-DHGTPA	STREME-12	3.4e-002	sp|Q9UJ68|MSRA_HUMAN	16.18	tp	0
12-DHGTPA	STREME-12	3.4e-002	sp|Q05586|NMDZ1_HUMAN	16.08	tp	0
12-DHGTPA	STREME-12	3.4e-002	sp|Q9Y5F9|PCDGI_HUMAN	15.59	tp	1
12-DHGTPA	STREME-12	3.4e-002	sp|Q9Y6V0|PCLO_HUMAN	14.84	tp	0
12-DHGTPA	STREME-12	3.4e-002	sp|Q9NYQ8|FAT2_HUMAN	14.76	tp	1
12-DHGTPA	STREME-12	3.4e-002	sp|Q9Y5G3|PCDGD_HUMAN	14.47	tp	0
12-DHGTPA	STREME-12	3.4e-002	sp|Q9HC56|PCDH9_HUMAN	14.47	tp	0
12-DHGTPA	STREME-12	3.4e-002	sp|Q9UM73|ALK_HUMAN	14.47	tp	0
12-DHGTPA	STREME-12	3.4e-002	sp|Q9UPX0|TUTLB_HUMAN	14.46	tp	0
12-DHGTPA	STREME-12	3.4e-002	sp|Q9UKZ4|TEN1_HUMAN	14.19	tp	0
12-DHGTPA	STREME-12	3.4e-002	sp|Q15256|PTPRR_HUMAN	14.18	tp	0
12-DHGTPA	STREME-12	3.4e-002	sp|O60883|G37L1_HUMAN	14.09	tp	0
#
13-LGSNVTL	STREME-13	3.4e-002	sp|Q9UN75|PCDAC_HUMAN	24.96	tp	0
13-LGSNVTL	STREME-13	3.4e-002	sp|Q9Y5H5|PCDA9_HUMAN	24.96	tp	0
13-LGSNVTL	STREME-13	3.4e-002	sp|Q9Y5H6|PCDA8_HUMAN	24.96	tp	0
13-LGSNVTL	STREME-13	3.4e-002	sp|Q9Y5H7|PCDA5_HUMAN	24.96	tp	0
13-LGSNVTL	STREME-13	3.4e-002	sp|Q9UN72|PCDA7_HUMAN	24.96	tp	0
13-LGSNVTL	STREME-13	3.4e-002	sp|Q9UN73|PCDA6_HUMAN	24.96	tp	0
13-LGSNVTL	STREME-13	3.4e-002	sp|Q9Y5H9|PCDA2_HUMAN	24.96	tp	0
13-LGSNVTL	STREME-13	3.4e-002	sp|Q9Y5I3|PCDA1_HUMAN	24.96	tp	0
13-LGSNVTL	STREME-13	3.4e-002	sp|Q9UN74|PCDA4_HUMAN	24.96	tp	0
13-LGSNVTL	STREME-13	3.4e-002	sp|Q9Y5H8|PCDA3_HUMAN	24.96	tp	0
13-LGSNVTL	STREME-13	3.4e-002	sp|Q9Y5I0|PCDAD_HUMAN	24.96	tp	1
13-LGSNVTL	STREME-13	3.4e-002	sp|Q9Y5G3|PCDGD_HUMAN	22.34	tp	0
13-LGSNVTL	STREME-13	3.4e-002	sp|Q9UN70|PCDGK_HUMAN	22.34	tp	0
13-LGSNVTL	STREME-13	3.4e-002	sp|Q9Y5F6|PCDGM_HUMAN	22.34	tp	0
13-LGSNVTL	STREME-13	3.4e-002	sp|Q9Y5G7|PCDG6_HUMAN	22.34	tp	0
13-LGSNVTL	STREME-13	3.4e-002	sp|Q9Y5G8|PCDG5_HUMAN	22.34	tp	0
13-LGSNVTL	STREME-13	3.4e-002	sp|Q9Y5H4|PCDG1_HUMAN	22.34	tp	0
13-LGSNVTL	STREME-13	3.4e-002	sp|Q9Y5G6|PCDG7_HUMAN	22.34	tp	0
13-LGSNVTL	STREME-13	3.4e-002	sp|O60330|PCDGC_HUMAN	22.34	tp	0
13-LGSNVTL	STREME-13	3.4e-002	sp|Q9Y5F7|PCDGL_HUMAN	22.34	tp	1
13-LGSNVTL	STREME-13	3.4e-002	sp|Q9Y5H2|PCDGB_HUMAN	22.34	tp	1
13-LGSNVTL	STREME-13	3.4e-002	sp|Q9Y5F9|PCDGI_HUMAN	22.34	tp	1
13-LGSNVTL	STREME-13	3.4e-002	sp|Q9Y5H3|PCDGA_HUMAN	22.34	tp	1
13-LGSNVTL	STREME-13	3.4e-002	sp|Q13449|LSAMP_HUMAN	22.26	tp	0
13-LGSNVTL	STREME-13	3.4e-002	sp|Q9Y5I2|PCDAA_HUMAN	20.54	tp	0
13-LGSNVTL	STREME-13	3.4e-002	sp|Q9Y5I1|PCDAB_HUMAN	19.85	tp	0
13-LGSNVTL	STREME-13	3.4e-002	sp|Q6ZRR7|LRRC9_HUMAN	19.45	tp	0
13-LGSNVTL	STREME-13	3.4e-002	sp|O00533|NCHL1_HUMAN	19.12	tp	0
13-LGSNVTL	STREME-13	3.4e-002	sp|Q12860|CNTN1_HUMAN	19.08	tp	0
13-LGSNVTL	STREME-13	3.4e-002	sp|Q4KWH8|PLCH1_HUMAN	18.59	tp	0
13-LGSNVTL	STREME-13	3.4e-002	sp|Q9BZC7|ABCA2_HUMAN	18.54	tp	0
13-LGSNVTL	STREME-13	3.4e-002	sp|P43146|DCC_HUMAN	18.49	tp	0
13-LGSNVTL	STREME-13	3.4e-002	sp|Q9NZR2|LRP1B_HUMAN	18.35	tp	0
13-LGSNVTL	STREME-13	3.4e-002	sp|Q7Z3B1|NEGR1_HUMAN	18.28	tp	0
13-LGSNVTL	STREME-13	3.4e-002	sp|Q9ULW6|NP1L2_HUMAN	18.22	fp	0
13-LGSNVTL	STREME-13	3.4e-002	sp|P59901|LIRA4_HUMAN	17.79	tp	0
13-LGSNVTL	STREME-13	3.4e-002	sp|Q9UMF0|ICAM5_HUMAN	17.62	tp	0
13-LGSNVTL	STREME-13	3.4e-002	sp|O43426|SYNJ1_HUMAN	17.52	tp	0
13-LGSNVTL	STREME-13	3.4e-002	sp|Q02246|CNTN2_HUMAN	16.72	tp	0
13-LGSNVTL	STREME-13	3.4e-002	sp|A6NGN9|IGLO5_HUMAN	16.47	tp	0
13-LGSNVTL	STREME-13	3.4e-002	sp|Q4G0P3|HYDIN_HUMAN	16.42	tp	0
13-LGSNVTL	STREME-13	3.4e-002	sp|P57721|PCBP3_HUMAN	16.35	tp	0
13-LGSNVTL	STREME-13	3.4e-002	sp|Q14831|GRM7_HUMAN	16.25	tp	0
#
14-GNKKKSG	STREME-14	3.4e-002	sp|Q9Y5G3|PCDGD_HUMAN	26.08	tp	0
14-GNKKKSG	STREME-14	3.4e-002	sp|Q9UN70|PCDGK_HUMAN	26.08	tp	0
14-GNKKKSG	STREME-14	3.4e-002	sp|Q9Y5F6|PCDGM_HUMAN	26.08	tp	0
14-GNKKKSG	STREME-14	3.4e-002	sp|Q9Y5G7|PCDG6_HUMAN	26.08	tp	0
14-GNKKKSG	STREME-14	3.4e-002	sp|Q9Y5G8|PCDG5_HUMAN	26.08	tp	0
14-GNKKKSG	STREME-14	3.4e-002	sp|Q9Y5H4|PCDG1_HUMAN	26.08	tp	0
14-GNKKKSG	STREME-14	3.4e-002	sp|Q9Y5G6|PCDG7_HUMAN	26.08	tp	0
14-GNKKKSG	STREME-14	3.4e-002	sp|O60330|PCDGC_HUMAN	26.08	tp	0
14-GNKKKSG	STREME-14	3.4e-002	sp|Q9Y5F7|PCDGL_HUMAN	26.08	tp	1
14-GNKKKSG	STREME-14	3.4e-002	sp|Q9Y5H2|PCDGB_HUMAN	26.08	tp	1
14-GNKKKSG	STREME-14	3.4e-002	sp|Q9Y5F9|PCDGI_HUMAN	26.08	tp	1
14-GNKKKSG	STREME-14	3.4e-002	sp|Q9Y5H3|PCDGA_HUMAN	26.08	tp	1
14-GNKKKSG	STREME-14	3.4e-002	sp|Q9UN75|PCDAC_HUMAN	25.94	tp	0
14-GNKKKSG	STREME-14	3.4e-002	sp|Q9Y5H5|PCDA9_HUMAN	25.94	tp	0
14-GNKKKSG	STREME-14	3.4e-002	sp|Q9Y5H6|PCDA8_HUMAN	25.94	tp	0
14-GNKKKSG	STREME-14	3.4e-002	sp|Q9Y5H7|PCDA5_HUMAN	25.94	tp	0
14-GNKKKSG	STREME-14	3.4e-002	sp|Q9UN72|PCDA7_HUMAN	25.94	tp	0
14-GNKKKSG	STREME-14	3.4e-002	sp|Q9Y5I2|PCDAA_HUMAN	25.94	tp	0
14-GNKKKSG	STREME-14	3.4e-002	sp|Q9UN73|PCDA6_HUMAN	25.94	tp	0
14-GNKKKSG	STREME-14	3.4e-002	sp|Q9Y5I4|PCDC2_HUMAN	25.94	tp	0
14-GNKKKSG	STREME-14	3.4e-002	sp|Q9Y5H9|PCDA2_HUMAN	25.94	tp	0
14-GNKKKSG	STREME-14	3.4e-002	sp|Q9Y5I3|PCDA1_HUMAN	25.94	tp	0
14-GNKKKSG	STREME-14	3.4e-002	sp|Q9UN74|PCDA4_HUMAN	25.94	tp	0
14-GNKKKSG	STREME-14	3.4e-002	sp|Q9Y5I1|PCDAB_HUMAN	25.94	tp	0
14-GNKKKSG	STREME-14	3.4e-002	sp|Q9Y5H8|PCDA3_HUMAN	25.94	tp	0
14-GNKKKSG	STREME-14	3.4e-002	sp|Q9Y5I0|PCDAD_HUMAN	25.94	tp	1
14-GNKKKSG	STREME-14	3.4e-002	sp|Q86YR7|MF2L2_HUMAN	20.15	tp	0
14-GNKKKSG	STREME-14	3.4e-002	sp|Q2TBF2|WSCD2_HUMAN	18.96	tp	0
14-GNKKKSG	STREME-14	3.4e-002	sp|Q15256|PTPRR_HUMAN	18.35	tp	0
14-GNKKKSG	STREME-14	3.4e-002	sp|Q9UQM7|KCC2A_HUMAN	18.11	tp	0
14-GNKKKSG	STREME-14	3.4e-002	sp|Q9P0K1|ADA22_HUMAN	18.04	tp	0
14-GNKKKSG	STREME-14	3.4e-002	sp|Q92911|SC5A5_HUMAN	17.97	tp	0
14-GNKKKSG	STREME-14	3.4e-002	sp|Q8WXX0|DYH7_HUMAN	17.19	tp	0
14-GNKKKSG	STREME-14	3.4e-002	sp|Q17RW2|COOA1_HUMAN	17.14	tp	0
14-GNKKKSG	STREME-14	3.4e-002	sp|P29400|CO4A5_HUMAN	16.70	tp	0
#
15-TATATVLV	STREME-15	3.4e-002	sp|Q9Y5H5|PCDA9_HUMAN	27.92	tp	0
15-TATATVLV	STREME-15	3.4e-002	sp|Q9Y5H6|PCDA8_HUMAN	27.92	tp	0
15-TATATVLV	STREME-15	3.4e-002	sp|Q9Y5H7|PCDA5_HUMAN	27.92	tp	0
15-TATATVLV	STREME-15	3.4e-002	sp|Q9UN72|PCDA7_HUMAN	27.92	tp	0
15-TATATVLV	STREME-15	3.4e-002	sp|Q9Y5I2|PCDAA_HUMAN	27.92	tp	0
15-TATATVLV	STREME-15	3.4e-002	sp|Q9UN73|PCDA6_HUMAN	27.92	tp	0
15-TATATVLV	STREME-15	3.4e-002	sp|Q9Y5H9|PCDA2_HUMAN	27.92	tp	0
15-TATATVLV	STREME-15	3.4e-002	sp|Q9Y5I3|PCDA1_HUMAN	27.92	tp	0
15-TATATVLV	STREME-15	3.4e-002	sp|Q9UN74|PCDA4_HUMAN	27.92	tp	0
15-TATATVLV	STREME-15	3.4e-002	sp|Q9Y5I1|PCDAB_HUMAN	27.92	tp	0
15-TATATVLV	STREME-15	3.4e-002	sp|Q9Y5H8|PCDA3_HUMAN	27.92	tp	0
15-TATATVLV	STREME-15	3.4e-002	sp|Q9UN75|PCDAC_HUMAN	25.41	tp	0
15-TATATVLV	STREME-15	3.4e-002	sp|Q9UN70|PCDGK_HUMAN	24.70	tp	0
15-TATATVLV	STREME-15	3.4e-002	sp|Q9Y5G7|PCDG6_HUMAN	24.58	tp	0
15-TATATVLV	STREME-15	3.4e-002	sp|Q9Y5H4|PCDG1_HUMAN	24.58	tp	0
15-TATATVLV	STREME-15	3.4e-002	sp|Q9Y5G6|PCDG7_HUMAN	24.58	tp	0
15-TATATVLV	STREME-15	3.4e-002	sp|O60330|PCDGC_HUMAN	24.58	tp	0
15-TATATVLV	STREME-15	3.4e-002	sp|Q9Y5H2|PCDGB_HUMAN	24.58	tp	1
15-TATATVLV	STREME-15	3.4e-002	sp|Q9Y5H3|PCDGA_HUMAN	24.58	tp	1
15-TATATVLV	STREME-15	3.4e-002	sp|Q14833|GRM4_HUMAN	23.92	tp	0
15-TATATVLV	STREME-15	3.4e-002	sp|Q5VV43|K0319_HUMAN	23.60	tp	0
15-TATATVLV	STREME-15	3.4e-002	sp|Q9Y5I0|PCDAD_HUMAN	23.16	tp	1
15-TATATVLV	STREME-15	3.4e-002	sp|Q96JP9|CDHR1_HUMAN	23.01	tp	0
15-TATATVLV	STREME-15	3.4e-002	sp|Q9Y5G8|PCDG5_HUMAN	22.56	tp	0
15-TATATVLV	STREME-15	3.4e-002	sp|Q8NFZ8|CADM4_HUMAN	21.98	tp	0
15-TATATVLV	STREME-15	3.4e-002	sp|Q9H2B2|SYT4_HUMAN	21.90	tp	0
15-TATATVLV	STREME-15	3.4e-002	sp|Q8N350|CBARP_HUMAN	21.73	tp	0
15-TATATVLV	STREME-15	3.4e-002	sp|Q8N3J6|CADM2_HUMAN	21.01	tp	0
15-TATATVLV	STREME-15	3.4e-002	sp|Q6P995|F171B_HUMAN	20.99	tp	0
15-TATATVLV	STREME-15	3.4e-002	sp|O95206|PCDH8_HUMAN	20.74	tp	0
15-TATATVLV	STREME-15	3.4e-002	sp|Q6UXD5|SE6L2_HUMAN	20.23	tp	0
15-TATATVLV	STREME-15	3.4e-002	sp|P55286|CADH8_HUMAN	19.88	tp	0
15-TATATVLV	STREME-15	3.4e-002	sp|Q7Z5A8|TAFA3_HUMAN	18.83	tp	0
15-TATATVLV	STREME-15	3.4e-002	sp|Q7RTP0|NIPA1_HUMAN	18.70	tp	0
15-TATATVLV	STREME-15	3.4e-002	sp|Q9UPU3|SORC3_HUMAN	18.65	tp	0
15-TATATVLV	STREME-15	3.4e-002	sp|Q9P232|CNTN3_HUMAN	18.26	tp	0
15-TATATVLV	STREME-15	3.4e-002	sp|Q9ULH4|LRFN2_HUMAN	17.72	tp	0
15-TATATVLV	STREME-15	3.4e-002	sp|Q16658|FSCN1_HUMAN	16.17	tp	0
15-TATATVLV	STREME-15	3.4e-002	sp|Q9NYQ8|FAT2_HUMAN	14.82	tp	1
15-TATATVLV	STREME-15	3.4e-002	sp|O14514|AGRB1_HUMAN	13.32	tp	1
15-TATATVLV	STREME-15	3.4e-002	sp|Q9UGN4|CLM8_HUMAN	13.28	tp	0
#
16-FKNYYSLVLD	STREME-16	3.4e-002	sp|Q9Y5H6|PCDA8_HUMAN	38.84	tp	0
16-FKNYYSLVLD	STREME-16	3.4e-002	sp|Q9Y5H7|PCDA5_HUMAN	38.84	tp	0
16-FKNYYSLVLD	STREME-16	3.4e-002	sp|Q9UN72|PCDA7_HUMAN	38.84	tp	0
16-FKNYYSLVLD	STREME-16	3.4e-002	sp|Q9UN73|PCDA6_HUMAN	38.84	tp	0
16-FKNYYSLVLD	STREME-16	3.4e-002	sp|Q9Y5H9|PCDA2_HUMAN	38.84	tp	0
16-FKNYYSLVLD	STREME-16	3.4e-002	sp|Q9Y5I3|PCDA1_HUMAN	38.84	tp	0
16-FKNYYSLVLD	STREME-16	3.4e-002	sp|Q9UN74|PCDA4_HUMAN	38.84	tp	0
16-FKNYYSLVLD	STREME-16	3.4e-002	sp|Q9Y5I1|PCDAB_HUMAN	38.84	tp	0
16-FKNYYSLVLD	STREME-16	3.4e-002	sp|Q9Y5H8|PCDA3_HUMAN	38.84	tp	0
16-FKNYYSLVLD	STREME-16	3.4e-002	sp|Q9UN75|PCDAC_HUMAN	38.46	tp	0
16-FKNYYSLVLD	STREME-16	3.4e-002	sp|Q9Y5H5|PCDA9_HUMAN	38.46	tp	0
16-FKNYYSLVLD	STREME-16	3.4e-002	sp|Q9Y5I2|PCDAA_HUMAN	38.46	tp	0
16-FKNYYSLVLD	STREME-16	3.4e-002	sp|Q9Y5I0|PCDAD_HUMAN	38.46	tp	1
16-FKNYYSLVLD	STREME-16	3.4e-002	sp|O60330|PCDGC_HUMAN	35.75	tp	0
16-FKNYYSLVLD	STREME-16	3.4e-002	sp|Q9P2E7|PCD10_HUMAN	31.89	tp	0
16-FKNYYSLVLD	STREME-16	3.4e-002	sp|Q9Y5H4|PCDG1_HUMAN	29.23	tp	0
16-FKNYYSLVLD	STREME-16	3.4e-002	sp|Q6UWR7|ENPP6_HUMAN	28.59	tp	0
16-FKNYYSLVLD	STREME-16	3.4e-002	sp|Q9Y5G7|PCDG6_HUMAN	28.11	tp	0
16-FKNYYSLVLD	STREME-16	3.4e-002	sp|Q9Y5G6|PCDG7_HUMAN	28.07	tp	0
16-FKNYYSLVLD	STREME-16	3.4e-002	sp|O14917|PCD17_HUMAN	27.75	tp	0
16-FKNYYSLVLD	STREME-16	3.4e-002	sp|Q9Y5G3|PCDGD_HUMAN	24.36	tp	0
16-FKNYYSLVLD	STREME-16	3.4e-002	sp|Q13822|ENPP2_HUMAN	21.08	tp	0
16-FKNYYSLVLD	STREME-16	3.4e-002	sp|Q9Y5F9|PCDGI_HUMAN	20.63	tp	1
16-FKNYYSLVLD	STREME-16	3.4e-002	sp|Q9Y5E1|PCDB9_HUMAN	12.99	tp	1
16-FKNYYSLVLD	STREME-16	3.4e-002	sp|Q9Y5H2|PCDGB_HUMAN	10.22	tp	1
16-FKNYYSLVLD	STREME-16	3.4e-002	sp|Q9Y5G8|PCDG5_HUMAN	8.71	tp	0
16-FKNYYSLVLD	STREME-16	3.4e-002	sp|Q9Y5H3|PCDGA_HUMAN	5.88	tp	1
16-FKNYYSLVLD	STREME-16	3.4e-002	sp|Q6PCE3|PGM2L_HUMAN	4.99	tp	0
#
17-HGTFVGRIAQDLGLE	STREME-17	3.5e-002	sp|Q9UN75|PCDAC_HUMAN	55.06	tp	0
17-HGTFVGRIAQDLGLE	STREME-17	3.5e-002	sp|Q9Y5H5|PCDA9_HUMAN	55.06	tp	0
17-HGTFVGRIAQDLGLE	STREME-17	3.5e-002	sp|Q9Y5H6|PCDA8_HUMAN	55.06	tp	0
17-HGTFVGRIAQDLGLE	STREME-17	3.5e-002	sp|Q9Y5H7|PCDA5_HUMAN	55.06	tp	0
17-HGTFVGRIAQDLGLE	STREME-17	3.5e-002	sp|Q9Y5I2|PCDAA_HUMAN	55.06	tp	0
17-HGTFVGRIAQDLGLE	STREME-17	3.5e-002	sp|Q9UN73|PCDA6_HUMAN	55.06	tp	0
17-HGTFVGRIAQDLGLE	STREME-17	3.5e-002	sp|Q9Y5H9|PCDA2_HUMAN	55.06	tp	0
17-HGTFVGRIAQDLGLE	STREME-17	3.5e-002	sp|Q9UN74|PCDA4_HUMAN	55.06	tp	0
17-HGTFVGRIAQDLGLE	STREME-17	3.5e-002	sp|Q9Y5I1|PCDAB_HUMAN	55.06	tp	0
17-HGTFVGRIAQDLGLE	STREME-17	3.5e-002	sp|Q9Y5H8|PCDA3_HUMAN	55.06	tp	0
17-HGTFVGRIAQDLGLE	STREME-17	3.5e-002	sp|Q9Y5I0|PCDAD_HUMAN	55.06	tp	1
17-HGTFVGRIAQDLGLE	STREME-17	3.5e-002	sp|Q9Y5I3|PCDA1_HUMAN	52.39	tp	0
17-HGTFVGRIAQDLGLE	STREME-17	3.5e-002	sp|Q9UN72|PCDA7_HUMAN	51.74	tp	0
17-HGTFVGRIAQDLGLE	STREME-17	3.5e-002	sp|Q9P2E7|PCD10_HUMAN	51.34	tp	0
17-HGTFVGRIAQDLGLE	STREME-17	3.5e-002	sp|Q9Y5G8|PCDG5_HUMAN	49.86	tp	0
17-HGTFVGRIAQDLGLE	STREME-17	3.5e-002	sp|Q9Y5H4|PCDG1_HUMAN	47.38	tp	0
17-HGTFVGRIAQDLGLE	STREME-17	3.5e-002	sp|Q9Y5G6|PCDG7_HUMAN	47.13	tp	0
17-HGTFVGRIAQDLGLE	STREME-17	3.5e-002	sp|Q9Y5G7|PCDG6_HUMAN	46.99	tp	0
17-HGTFVGRIAQDLGLE	STREME-17	3.5e-002	sp|Q9Y5H2|PCDGB_HUMAN	46.43	tp	1
17-HGTFVGRIAQDLGLE	STREME-17	3.5e-002	sp|Q9Y5F6|PCDGM_HUMAN	40.97	tp	0
17-HGTFVGRIAQDLGLE	STREME-17	3.5e-002	sp|O60330|PCDGC_HUMAN	39.38	tp	0
17-HGTFVGRIAQDLGLE	STREME-17	3.5e-002	sp|Q9Y5H3|PCDGA_HUMAN	35.52	tp	1
17-HGTFVGRIAQDLGLE	STREME-17	3.5e-002	sp|Q9Y5F9|PCDGI_HUMAN	35.15	tp	1
17-HGTFVGRIAQDLGLE	STREME-17	3.5e-002	sp|Q9Y5I4|PCDC2_HUMAN	35.01	tp	0
17-HGTFVGRIAQDLGLE	STREME-17	3.5e-002	sp|Q9Y5G3|PCDGD_HUMAN	30.01	tp	0
17-HGTFVGRIAQDLGLE	STREME-17	3.5e-002	sp|Q9UN70|PCDGK_HUMAN	29.36	tp	0
17-HGTFVGRIAQDLGLE	STREME-17	3.5e-002	sp|Q9Y5E1|PCDB9_HUMAN	29.10	tp	1
17-HGTFVGRIAQDLGLE	STREME-17	3.5e-002	sp|Q7Z408|CSMD2_HUMAN	26.92	tp	0
17-HGTFVGRIAQDLGLE	STREME-17	3.5e-002	sp|O14917|PCD17_HUMAN	24.19	tp	0
17-HGTFVGRIAQDLGLE	STREME-17	3.5e-002	sp|Q9H2B2|SYT4_HUMAN	20.29	tp	0
17-HGTFVGRIAQDLGLE	STREME-17	3.5e-002	sp|Q4G0P3|HYDIN_HUMAN	18.93	tp	0
#
18-NYTCVAEN	STREME-18	3.9e-002	sp|Q14982|OPCM_HUMAN	29.09	tp	0
18-NYTCVAEN	STREME-18	3.9e-002	sp|Q9P121|NTRI_HUMAN	28.46	tp	0
18-NYTCVAEN	STREME-18	3.9e-002	sp|Q7Z3B1|NEGR1_HUMAN	27.75	tp	0
18-NYTCVAEN	STREME-18	3.9e-002	sp|Q13449|LSAMP_HUMAN	27.75	tp	0
18-NYTCVAEN	STREME-18	3.9e-002	sp|Q6ZN44|UNC5A_HUMAN	27.55	tp	0
18-NYTCVAEN	STREME-18	3.9e-002	sp|O95185|UNC5C_HUMAN	27.55	tp	0
18-NYTCVAEN	STREME-18	3.9e-002	sp|Q8TD84|DSCL1_HUMAN	27.53	tp	0
18-NYTCVAEN	STREME-18	3.9e-002	sp|O94856|NFASC_HUMAN	27.30	tp	0
18-NYTCVAEN	STREME-18	3.9e-002	sp|P21802|FGFR2_HUMAN	27.25	tp	0
18-NYTCVAEN	STREME-18	3.9e-002	sp|P0C6S8|LIGO3_HUMAN	27.23	tp	0
18-NYTCVAEN	STREME-18	3.9e-002	sp|Q6UXZ4|UNC5D_HUMAN	26.92	tp	1
18-NYTCVAEN	STREME-18	3.9e-002	sp|Q9P232|CNTN3_HUMAN	26.76	tp	0
18-NYTCVAEN	STREME-18	3.9e-002	sp|O60469|DSCAM_HUMAN	26.49	tp	1
18-NYTCVAEN	STREME-18	3.9e-002	sp|O60229|KALRN_HUMAN	26.37	fp	0
18-NYTCVAEN	STREME-18	3.9e-002	sp|Q92823|NRCAM_HUMAN	26.19	tp	0
18-NYTCVAEN	STREME-18	3.9e-002	sp|Q9NP60|IRPL2_HUMAN	25.86	fp	0
18-NYTCVAEN	STREME-18	3.9e-002	sp|Q12860|CNTN1_HUMAN	25.71	tp	0
18-NYTCVAEN	STREME-18	3.9e-002	sp|A6NGN9|IGLO5_HUMAN	25.21	tp	0
18-NYTCVAEN	STREME-18	3.9e-002	sp|P35462|DRD3_HUMAN	25.12	tp	0
18-NYTCVAEN	STREME-18	3.9e-002	sp|Q9UQ52|CNTN6_HUMAN	24.92	tp	0
18-NYTCVAEN	STREME-18	3.9e-002	sp|Q02246|CNTN2_HUMAN	24.73	tp	0
18-NYTCVAEN	STREME-18	3.9e-002	sp|Q8NFZ8|CADM4_HUMAN	24.47	tp	0
18-NYTCVAEN	STREME-18	3.9e-002	sp|Q9UMF0|ICAM5_HUMAN	24.35	tp	0
18-NYTCVAEN	STREME-18	3.9e-002	sp|Q8TEU8|WFKN2_HUMAN	24.28	tp	0
18-NYTCVAEN	STREME-18	3.9e-002	sp|O00533|NCHL1_HUMAN	24.26	tp	0
18-NYTCVAEN	STREME-18	3.9e-002	sp|Q8IVU1|IGDC3_HUMAN	24.08	fp	0
18-NYTCVAEN	STREME-18	3.9e-002	sp|Q9HCJ2|LRC4C_HUMAN	23.80	tp	0
18-NYTCVAEN	STREME-18	3.9e-002	sp|Q9HBW1|LRRC4_HUMAN	23.80	tp	0
18-NYTCVAEN	STREME-18	3.9e-002	sp|Q9H3W5|LRRN3_HUMAN	23.72	fp	0
18-NYTCVAEN	STREME-18	3.9e-002	sp|Q6MZW2|FSTL4_HUMAN	23.53	tp	0
18-NYTCVAEN	STREME-18	3.9e-002	sp|Q9NT99|LRC4B_HUMAN	23.13	tp	0
18-NYTCVAEN	STREME-18	3.9e-002	sp|P43146|DCC_HUMAN	22.86	tp	0
18-NYTCVAEN	STREME-18	3.9e-002	sp|P23468|PTPRD_HUMAN	22.79	tp	0
18-NYTCVAEN	STREME-18	3.9e-002	sp|P32004|L1CAM_HUMAN	22.49	tp	0
18-NYTCVAEN	STREME-18	3.9e-002	sp|Q9HCK4|ROBO2_HUMAN	22.36	tp	0
18-NYTCVAEN	STREME-18	3.9e-002	sp|Q8N3J6|CADM2_HUMAN	22.25	tp	0
18-NYTCVAEN	STREME-18	3.9e-002	sp|Q8N475|FSTL5_HUMAN	22.09	tp	0
18-NYTCVAEN	STREME-18	3.9e-002	sp|Q8IZU9|KIRR3_HUMAN	21.85	tp	1
18-NYTCVAEN	STREME-18	3.9e-002	sp|Q9UPX0|TUTLB_HUMAN	21.82	tp	0
18-NYTCVAEN	STREME-18	3.9e-002	sp|Q8IWT1|SCN4B_HUMAN	21.81	tp	0
18-NYTCVAEN	STREME-18	3.9e-002	sp|Q96NZ8|WFKN1_HUMAN	21.63	tp	0
18-NYTCVAEN	STREME-18	3.9e-002	sp|Q7Z553|MDGA2_HUMAN	21.48	tp	0
18-NYTCVAEN	STREME-18	3.9e-002	sp|Q8NFP4|MDGA1_HUMAN	21.34	tp	0
18-NYTCVAEN	STREME-18	3.9e-002	sp|Q9NZN1|IRPL1_HUMAN	21.23	tp	0
18-NYTCVAEN	STREME-18	3.9e-002	sp|Q5DX21|IGS11_HUMAN	21.07	tp	0
18-NYTCVAEN	STREME-18	3.9e-002	sp|O75325|LRRN2_HUMAN	21.05	fp	0
18-NYTCVAEN	STREME-18	3.9e-002	sp|Q6UXK2|ISLR2_HUMAN	20.83	tp	0
18-NYTCVAEN	STREME-18	3.9e-002	sp|O43497|CAC1G_HUMAN	20.76	tp	0
18-NYTCVAEN	STREME-18	3.9e-002	sp|O94779|CNTN5_HUMAN	20.62	tp	0
18-NYTCVAEN	STREME-18	3.9e-002	sp|Q8WX77|IBPL1_HUMAN	20.52	tp	0
18-NYTCVAEN	STREME-18	3.9e-002	sp|Q16288|NTRK3_HUMAN	20.41	tp	0
18-NYTCVAEN	STREME-18	3.9e-002	sp|P04629|NTRK1_HUMAN	20.40	tp	0
18-NYTCVAEN	STREME-18	3.9e-002	sp|Q6UXK5|LRRN1_HUMAN	20.27	tp	1
18-NYTCVAEN	STREME-18	3.9e-002	sp|P20916|MAG_HUMAN	19.93	tp	0
18-NYTCVAEN	STREME-18	3.9e-002	sp|Q86WK6|AMGO1_HUMAN	19.64	tp	0
18-NYTCVAEN	STREME-18	3.9e-002	sp|Q9BX67|JAM3_HUMAN	19.45	tp	0
18-NYTCVAEN	STREME-18	3.9e-002	sp|Q96FE5|LIGO1_HUMAN	19.14	tp	0
18-NYTCVAEN	STREME-18	3.9e-002	sp|Q50LG9|LRC24_HUMAN	19.05	fp	0
18-NYTCVAEN	STREME-18	3.9e-002	sp|Q96ID5|IGS21_HUMAN	19.03	tp	0
18-NYTCVAEN	STREME-18	3.9e-002	sp|O15394|NCAM2_HUMAN	18.64	tp	0
18-NYTCVAEN	STREME-18	3.9e-002	sp|Q5VSG8|MANEL_HUMAN	18.59	tp	0
18-NYTCVAEN	STREME-18	3.9e-002	sp|Q9NZR2|LRP1B_HUMAN	18.02	tp	0
18-NYTCVAEN	STREME-18	3.9e-002	sp|O60939|SCN2B_HUMAN	17.54	tp	0
18-NYTCVAEN	STREME-18	3.9e-002	sp|P15882|CHIN_HUMAN	17.54	tp	0
18-NYTCVAEN	STREME-18	3.9e-002	sp|Q14CZ8|HECAM_HUMAN	17.37	tp	0
18-NYTCVAEN	STREME-18	3.9e-002	sp|Q8TBB6|S7A14_HUMAN	16.27	fp	0
18-NYTCVAEN	STREME-18	3.9e-002	sp|Q9P2E7|PCD10_HUMAN	15.70	tp	0
18-NYTCVAEN	STREME-18	3.9e-002	sp|Q86UW8|HPLN4_HUMAN	15.67	tp	0
18-NYTCVAEN	STREME-18	3.9e-002	sp|Q16620|NTRK2_HUMAN	15.54	tp	0
18-NYTCVAEN	STREME-18	3.9e-002	sp|P98161|PKD1_HUMAN	15.40	tp	0
18-NYTCVAEN	STREME-18	3.9e-002	sp|Q8N614|TM156_HUMAN	15.35	fp	0
18-NYTCVAEN	STREME-18	3.9e-002	sp|Q8N126|CADM3_HUMAN	15.18	tp	0
18-NYTCVAEN	STREME-18	3.9e-002	sp|Q9UPW8|UN13A_HUMAN	15.16	tp	0
18-NYTCVAEN	STREME-18	3.9e-002	sp|Q8NB66|UN13C_HUMAN	15.16	fp	0
18-NYTCVAEN	STREME-18	3.9e-002	sp|O14511|NRG2_HUMAN	15.00	fp	1
18-NYTCVAEN	STREME-18	3.9e-002	sp|Q969P0|IGSF8_HUMAN	14.90	tp	0
18-NYTCVAEN	STREME-18	3.9e-002	sp|B1AJZ9|FHAD1_HUMAN	14.65	tp	0
18-NYTCVAEN	STREME-18	3.9e-002	sp|Q68D85|NR3L1_HUMAN	14.62	tp	0
18-NYTCVAEN	STREME-18	3.9e-002	sp|A8MWY0|ELAP2_HUMAN	14.36	tp	0
18-NYTCVAEN	STREME-18	3.9e-002	sp|Q96MT7|CFA44_HUMAN	13.60	fp	0
18-NYTCVAEN	STREME-18	3.9e-002	sp|Q9UM73|ALK_HUMAN	13.59	tp	0
18-NYTCVAEN	STREME-18	3.9e-002	sp|Q14831|GRM7_HUMAN	13.50	tp	0
18-NYTCVAEN	STREME-18	3.9e-002	sp|Q14833|GRM4_HUMAN	13.50	tp	0
18-NYTCVAEN	STREME-18	3.9e-002	sp|O14522|PTPRT_HUMAN	13.45	tp	0
18-NYTCVAEN	STREME-18	3.9e-002	sp|Q96PB8|LRC3B_HUMAN	13.07	tp	0
18-NYTCVAEN	STREME-18	3.9e-002	sp|P42857|NSG1_HUMAN	12.93	tp	0
18-NYTCVAEN	STREME-18	3.9e-002	sp|P13591|NCAM1_HUMAN	12.82	tp	1
18-NYTCVAEN	STREME-18	3.9e-002	sp|Q5VZY2|PLPP4_HUMAN	12.45	tp	0
18-NYTCVAEN	STREME-18	3.9e-002	sp|Q13255|GRM1_HUMAN	12.23	tp	0
18-NYTCVAEN	STREME-18	3.9e-002	sp|Q14416|GRM2_HUMAN	12.23	tp	0
18-NYTCVAEN	STREME-18	3.9e-002	sp|Q14832|GRM3_HUMAN	12.23	tp	0
18-NYTCVAEN	STREME-18	3.9e-002	sp|O00222|GRM8_HUMAN	12.23	tp	1
18-NYTCVAEN	STREME-18	3.9e-002	sp|P41594|GRM5_HUMAN	12.23	tp	1
#
19-CDPGYY	STREME-19	2.0e-001	sp|Q9HCU4|CELR2_HUMAN	24.95	tp	0
19-CDPGYY	STREME-19	2.0e-001	sp|Q7Z408|CSMD2_HUMAN	24.95	tp	0
19-CDPGYY	STREME-19	2.0e-001	sp|Q53EL9|SEZ6_HUMAN	21.20	tp	0
19-CDPGYY	STREME-19	2.0e-001	sp|Q8NFT8|DNER_HUMAN	20.84	tp	0
19-CDPGYY	STREME-19	2.0e-001	sp|Q7Z407|CSMD3_HUMAN	20.84	tp	1
19-CDPGYY	STREME-19	2.0e-001	sp|Q5VV63|ATRN1_HUMAN	20.77	tp	0
19-CDPGYY	STREME-19	2.0e-001	sp|Q99523|SORT_HUMAN	20.09	tp	0
19-CDPGYY	STREME-19	2.0e-001	sp|Q9BYH1|SE6L1_HUMAN	20.05	tp	0
19-CDPGYY	STREME-19	2.0e-001	sp|Q9NYQ7|CELR3_HUMAN	19.77	tp	0
19-CDPGYY	STREME-19	2.0e-001	sp|Q5VX71|SUSD4_HUMAN	19.15	tp	0
19-CDPGYY	STREME-19	2.0e-001	sp|P78509|RELN_HUMAN	19.15	tp	0
19-CDPGYY	STREME-19	2.0e-001	sp|A8MWY0|ELAP2_HUMAN	17.97	tp	0
19-CDPGYY	STREME-19	2.0e-001	sp|Q96KG7|MEG10_HUMAN	17.79	tp	0
19-CDPGYY	STREME-19	2.0e-001	sp|Q9Y5W5|WIF1_HUMAN	17.78	tp	0
19-CDPGYY	STREME-19	2.0e-001	sp|Q5JZY3|EPHAA_HUMAN	17.78	tp	0
19-CDPGYY	STREME-19	2.0e-001	sp|A6BM72|MEG11_HUMAN	17.78	tp	1
19-CDPGYY	STREME-19	2.0e-001	sp|Q9UF33|EPHA6_HUMAN	17.62	tp	0
19-CDPGYY	STREME-19	2.0e-001	sp|Q9C0B6|BRNP2_HUMAN	17.50	tp	0
19-CDPGYY	STREME-19	2.0e-001	sp|Q99435|NELL2_HUMAN	17.35	tp	0
19-CDPGYY	STREME-19	2.0e-001	sp|Q92915|FGF14_HUMAN	17.27	tp	0
19-CDPGYY	STREME-19	2.0e-001	sp|P54762|EPHB1_HUMAN	17.08	tp	1
19-CDPGYY	STREME-19	2.0e-001	sp|P54764|EPHA4_HUMAN	17.04	tp	0
19-CDPGYY	STREME-19	2.0e-001	sp|P82279|CRUM1_HUMAN	17.00	fp	0
19-CDPGYY	STREME-19	2.0e-001	sp|Q9NQT8|KI13B_HUMAN	16.89	tp	0
19-CDPGYY	STREME-19	2.0e-001	sp|Q9UQM7|KCC2A_HUMAN	16.88	tp	0
19-CDPGYY	STREME-19	2.0e-001	sp|Q92832|NELL1_HUMAN	16.86	tp	0
19-CDPGYY	STREME-19	2.0e-001	sp|A6NE52|WDR97_HUMAN	16.77	tp	0
19-CDPGYY	STREME-19	2.0e-001	sp|Q96CW9|NTNG2_HUMAN	16.67	tp	0
19-CDPGYY	STREME-19	2.0e-001	sp|Q6UXX9|RSPO2_HUMAN	16.50	tp	0
19-CDPGYY	STREME-19	2.0e-001	sp|Q9UIK5|TEFF2_HUMAN	16.36	tp	0
19-CDPGYY	STREME-19	2.0e-001	sp|Q8TDW7|FAT3_HUMAN	16.33	tp	0
19-CDPGYY	STREME-19	2.0e-001	sp|P51512|MMP16_HUMAN	16.07	tp	0
19-CDPGYY	STREME-19	2.0e-001	sp|Q9ULZ9|MMP17_HUMAN	16.07	tp	0
19-CDPGYY	STREME-19	2.0e-001	sp|P14616|INSRR_HUMAN	16.01	fp	0
19-CDPGYY	STREME-19	2.0e-001	sp|O75443|TECTA_HUMAN	15.87	fp	0
19-CDPGYY	STREME-19	2.0e-001	sp|Q2VPA4|CR1L_HUMAN	15.85	tp	0
19-CDPGYY	STREME-19	2.0e-001	sp|Q93038|TNR25_HUMAN	15.82	fp	0
19-CDPGYY	STREME-19	2.0e-001	sp|Q6UXD5|SE6L2_HUMAN	15.63	tp	0
19-CDPGYY	STREME-19	2.0e-001	sp|Q9UN70|PCDGK_HUMAN	15.54	tp	0
19-CDPGYY	STREME-19	2.0e-001	sp|Q8WXD0|RXFP2_HUMAN	15.54	tp	0
19-CDPGYY	STREME-19	2.0e-001	sp|Q5IJ48|CRUM2_HUMAN	15.47	tp	0
19-CDPGYY	STREME-19	2.0e-001	sp|Q9NYJ7|DLL3_HUMAN	15.45	tp	0
19-CDPGYY	STREME-19	2.0e-001	sp|Q9NY46|SCN3A_HUMAN	15.42	tp	0
19-CDPGYY	STREME-19	2.0e-001	sp|Q99250|SCN2A_HUMAN	15.42	tp	0
19-CDPGYY	STREME-19	2.0e-001	sp|P35498|SCN1A_HUMAN	15.42	fp	0
19-CDPGYY	STREME-19	2.0e-001	sp|Q9UQD0|SCN8A_HUMAN	15.42	fp	0
19-CDPGYY	STREME-19	2.0e-001	sp|O75093|SLIT1_HUMAN	15.39	tp	1
19-CDPGYY	STREME-19	2.0e-001	sp|O43897|TLL1_HUMAN	15.27	tp	0
19-CDPGYY	STREME-19	2.0e-001	sp|P29122|PCSK6_HUMAN	15.22	tp	0
19-CDPGYY	STREME-19	2.0e-001	sp|Q9UJD0|RIMS3_HUMAN	15.19	tp	0
19-CDPGYY	STREME-19	2.0e-001	sp|Q9UHC6|CNTP2_HUMAN	15.17	tp	0
19-CDPGYY	STREME-19	2.0e-001	sp|Q9UPU3|SORC3_HUMAN	15.11	tp	0
19-CDPGYY	STREME-19	2.0e-001	sp|Q9NZR2|LRP1B_HUMAN	15.10	tp	0
19-CDPGYY	STREME-19	2.0e-001	sp|Q9Y5R2|MMP24_HUMAN	15.07	tp	0
19-CDPGYY	STREME-19	2.0e-001	sp|P09172|DOPO_HUMAN	15.06	tp	0
19-CDPGYY	STREME-19	2.0e-001	sp|Q12860|CNTN1_HUMAN	15.01	tp	0
19-CDPGYY	STREME-19	2.0e-001	sp|Q4G0P3|HYDIN_HUMAN	15.00	tp	0
19-CDPGYY	STREME-19	2.0e-001	sp|Q9NZC2|TREM2_HUMAN	14.80	tp	0
19-CDPGYY	STREME-19	2.0e-001	sp|Q96GW7|PGCB_HUMAN	14.74	tp	0
19-CDPGYY	STREME-19	2.0e-001	sp|P14415|AT1B2_HUMAN	14.68	tp	0
19-CDPGYY	STREME-19	2.0e-001	sp|P36888|FLT3_HUMAN	14.41	tp	0
19-CDPGYY	STREME-19	2.0e-001	sp|Q149M9|NWD1_HUMAN	14.23	fp	1
19-CDPGYY	STREME-19	2.0e-001	sp|P12259|FA5_HUMAN	14.04	tp	0
19-CDPGYY	STREME-19	2.0e-001	sp|Q8NCB2|CAMKV_HUMAN	14.04	tp	0
19-CDPGYY	STREME-19	2.0e-001	sp|P29322|EPHA8_HUMAN	14.03	tp	0
19-CDPGYY	STREME-19	2.0e-001	sp|Q9P0K1|ADA22_HUMAN	13.99	tp	0
#
20-EKKEKGNSTTDN	STREME-20	5.1e-001	sp|Q9UN75|PCDAC_HUMAN	43.85	tp	0
20-EKKEKGNSTTDN	STREME-20	5.1e-001	sp|Q9Y5H5|PCDA9_HUMAN	43.85	tp	0
20-EKKEKGNSTTDN	STREME-20	5.1e-001	sp|Q9Y5H6|PCDA8_HUMAN	43.85	tp	0
20-EKKEKGNSTTDN	STREME-20	5.1e-001	sp|Q9Y5H7|PCDA5_HUMAN	43.85	tp	0
20-EKKEKGNSTTDN	STREME-20	5.1e-001	sp|Q9UN72|PCDA7_HUMAN	43.85	tp	0
20-EKKEKGNSTTDN	STREME-20	5.1e-001	sp|Q9Y5I2|PCDAA_HUMAN	43.85	tp	0
20-EKKEKGNSTTDN	STREME-20	5.1e-001	sp|Q9UN73|PCDA6_HUMAN	43.85	tp	0
20-EKKEKGNSTTDN	STREME-20	5.1e-001	sp|Q9Y5I4|PCDC2_HUMAN	43.85	tp	0
20-EKKEKGNSTTDN	STREME-20	5.1e-001	sp|Q9Y5H9|PCDA2_HUMAN	43.85	tp	0
20-EKKEKGNSTTDN	STREME-20	5.1e-001	sp|Q9Y5I3|PCDA1_HUMAN	43.85	tp	0
20-EKKEKGNSTTDN	STREME-20	5.1e-001	sp|Q9UN74|PCDA4_HUMAN	43.85	tp	0
20-EKKEKGNSTTDN	STREME-20	5.1e-001	sp|Q9Y5I1|PCDAB_HUMAN	43.85	tp	0
20-EKKEKGNSTTDN	STREME-20	5.1e-001	sp|Q9Y5H8|PCDA3_HUMAN	43.85	tp	0
20-EKKEKGNSTTDN	STREME-20	5.1e-001	sp|Q9Y5I0|PCDAD_HUMAN	43.85	tp	1
20-EKKEKGNSTTDN	STREME-20	5.1e-001	sp|O75077|ADA23_HUMAN	23.64	tp	0
20-EKKEKGNSTTDN	STREME-20	5.1e-001	sp|P12259|FA5_HUMAN	23.56	tp	0
20-EKKEKGNSTTDN	STREME-20	5.1e-001	sp|Q9NY46|SCN3A_HUMAN	22.94	tp	0
20-EKKEKGNSTTDN	STREME-20	5.1e-001	sp|Q99250|SCN2A_HUMAN	22.94	tp	0
20-EKKEKGNSTTDN	STREME-20	5.1e-001	sp|P20020|AT2B1_HUMAN	22.87	tp	0
20-EKKEKGNSTTDN	STREME-20	5.1e-001	sp|Q9P0K1|ADA22_HUMAN	22.37	tp	0
20-EKKEKGNSTTDN	STREME-20	5.1e-001	sp|Q9UI40|NCKX2_HUMAN	22.10	tp	0
20-EKKEKGNSTTDN	STREME-20	5.1e-001	sp|P27816|MAP4_HUMAN	21.61	tp	0
20-EKKEKGNSTTDN	STREME-20	5.1e-001	sp|P22794|EVI2A_HUMAN	20.44	tp	0
20-EKKEKGNSTTDN	STREME-20	5.1e-001	sp|O60939|SCN2B_HUMAN	20.28	tp	0
20-EKKEKGNSTTDN	STREME-20	5.1e-001	sp|Q9BXT5|TEX15_HUMAN	20.14	tp	0
20-EKKEKGNSTTDN	STREME-20	5.1e-001	sp|Q04917|1433F_HUMAN	19.93	tp	0
20-EKKEKGNSTTDN	STREME-20	5.1e-001	sp|Q9Y216|MTMR7_HUMAN	19.42	tp	0
20-EKKEKGNSTTDN	STREME-20	5.1e-001	sp|Q05586|NMDZ1_HUMAN	19.37	tp	0
20-EKKEKGNSTTDN	STREME-20	5.1e-001	sp|P23471|PTPRZ_HUMAN	19.30	tp	0
20-EKKEKGNSTTDN	STREME-20	5.1e-001	sp|Q8NI35|INADL_HUMAN	19.22	tp	0
20-EKKEKGNSTTDN	STREME-20	5.1e-001	sp|Q9BQT9|CSTN3_HUMAN	18.75	tp	0
20-EKKEKGNSTTDN	STREME-20	5.1e-001	sp|O14525|ASTN1_HUMAN	18.55	tp	0
20-EKKEKGNSTTDN	STREME-20	5.1e-001	sp|P20594|ANPRB_HUMAN	18.33	tp	0
20-EKKEKGNSTTDN	STREME-20	5.1e-001	sp|Q8NHG7|SVIP_HUMAN	18.32	tp	0
20-EKKEKGNSTTDN	STREME-20	5.1e-001	sp|P45381|ACY2_HUMAN	17.56	tp	0
20-EKKEKGNSTTDN	STREME-20	5.1e-001	sp|P78380|OLR1_HUMAN	17.38	tp	0
#
21-SVHLE	STREME-21	5.1e-001	sp|Q9UN75|PCDAC_HUMAN	18.86	tp	0
21-SVHLE	STREME-21	5.1e-001	sp|Q9Y5H5|PCDA9_HUMAN	18.86	tp	0
21-SVHLE	STREME-21	5.1e-001	sp|Q9Y5H6|PCDA8_HUMAN	18.86	tp	0
21-SVHLE	STREME-21	5.1e-001	sp|Q9Y5H7|PCDA5_HUMAN	18.86	tp	0
21-SVHLE	STREME-21	5.1e-001	sp|Q9UN72|PCDA7_HUMAN	18.86	tp	0
21-SVHLE	STREME-21	5.1e-001	sp|Q9Y5I2|PCDAA_HUMAN	18.86	tp	0
21-SVHLE	STREME-21	5.1e-001	sp|Q9UN73|PCDA6_HUMAN	18.86	tp	0
21-SVHLE	STREME-21	5.1e-001	sp|Q9Y5I4|PCDC2_HUMAN	18.86	tp	0
21-SVHLE	STREME-21	5.1e-001	sp|Q9Y5H9|PCDA2_HUMAN	18.86	tp	0
21-SVHLE	STREME-21	5.1e-001	sp|Q9Y5I3|PCDA1_HUMAN	18.86	tp	0
21-SVHLE	STREME-21	5.1e-001	sp|Q9UN74|PCDA4_HUMAN	18.86	tp	0
21-SVHLE	STREME-21	5.1e-001	sp|Q9Y5I1|PCDAB_HUMAN	18.86	tp	0
21-SVHLE	STREME-21	5.1e-001	sp|Q9Y5H8|PCDA3_HUMAN	18.86	tp	0
21-SVHLE	STREME-21	5.1e-001	sp|Q9Y5I0|PCDAD_HUMAN	18.86	tp	1
21-SVHLE	STREME-21	5.1e-001	sp|Q12860|CNTN1_HUMAN	16.29	tp	0
21-SVHLE	STREME-21	5.1e-001	sp|Q9H336|CRLD1_HUMAN	15.22	tp	0
21-SVHLE	STREME-21	5.1e-001	sp|P07197|NFM_HUMAN	15.03	tp	0
21-SVHLE	STREME-21	5.1e-001	sp|O15020|SPTN2_HUMAN	15.03	tp	0
21-SVHLE	STREME-21	5.1e-001	sp|O14578|CTRO_HUMAN	14.96	tp	0
21-SVHLE	STREME-21	5.1e-001	sp|P11277|SPTB1_HUMAN	14.90	tp	0
21-SVHLE	STREME-21	5.1e-001	sp|Q9H254|SPTN4_HUMAN	14.90	tp	0
21-SVHLE	STREME-21	5.1e-001	sp|Q5KSL6|DGKK_HUMAN	14.90	fp	1
21-SVHLE	STREME-21	5.1e-001	sp|P54764|EPHA4_HUMAN	14.86	tp	0
21-SVHLE	STREME-21	5.1e-001	sp|O60282|KIF5C_HUMAN	14.86	tp	0
21-SVHLE	STREME-21	5.1e-001	sp|Q12840|KIF5A_HUMAN	14.86	tp	0
21-SVHLE	STREME-21	5.1e-001	sp|Q6Q759|SPG17_HUMAN	14.79	tp	0
21-SVHLE	STREME-21	5.1e-001	sp|Q9Y6V0|PCLO_HUMAN	14.79	tp	0
21-SVHLE	STREME-21	5.1e-001	sp|Q9Y566|SHAN1_HUMAN	14.79	tp	0
21-SVHLE	STREME-21	5.1e-001	sp|Q9UKZ4|TEN1_HUMAN	14.72	tp	0
21-SVHLE	STREME-21	5.1e-001	sp|Q9ULL4|PLXB3_HUMAN	14.70	tp	0
21-SVHLE	STREME-21	5.1e-001	sp|Q8IV61|GRP3_HUMAN	14.55	tp	0
21-SVHLE	STREME-21	5.1e-001	sp|Q86UN2|R4RL1_HUMAN	14.53	tp	0
21-SVHLE	STREME-21	5.1e-001	sp|P32004|L1CAM_HUMAN	14.53	tp	0
21-SVHLE	STREME-21	5.1e-001	sp|Q8TDW7|FAT3_HUMAN	14.46	tp	0
21-SVHLE	STREME-21	5.1e-001	sp|Q9H3T3|SEM6B_HUMAN	14.46	tp	0
21-SVHLE	STREME-21	5.1e-001	sp|P54756|EPHA5_HUMAN	14.46	tp	0
21-SVHLE	STREME-21	5.1e-001	sp|O15034|RIMB2_HUMAN	14.46	tp	0
21-SVHLE	STREME-21	5.1e-001	sp|Q86XE3|MICU3_HUMAN	14.46	fp	0
21-SVHLE	STREME-21	5.1e-001	sp|Q17RW2|COOA1_HUMAN	14.46	tp	0
21-SVHLE	STREME-21	5.1e-001	sp|H7BZ55|CRCC2_HUMAN	14.45	tp	0
21-SVHLE	STREME-21	5.1e-001	sp|O43497|CAC1G_HUMAN	14.45	tp	0
21-SVHLE	STREME-21	5.1e-001	sp|O15018|PDZD2_HUMAN	14.45	tp	0
21-SVHLE	STREME-21	5.1e-001	sp|O60241|AGRB2_HUMAN	14.36	tp	0
21-SVHLE	STREME-21	5.1e-001	sp|A8MVW0|F1712_HUMAN	14.36	tp	0
21-SVHLE	STREME-21	5.1e-001	sp|Q5VUB5|F1711_HUMAN	14.36	tp	0
21-SVHLE	STREME-21	5.1e-001	sp|Q2M3C7|SPKAP_HUMAN	14.18	tp	0
21-SVHLE	STREME-21	5.1e-001	sp|O75334|LIPA2_HUMAN	14.18	tp	0
21-SVHLE	STREME-21	5.1e-001	sp|Q9UPW8|UN13A_HUMAN	14.12	tp	0
21-SVHLE	STREME-21	5.1e-001	sp|Q9P2D8|UNC79_HUMAN	14.10	tp	0
21-SVHLE	STREME-21	5.1e-001	sp|O94923|GLCE_HUMAN	14.10	tp	0
21-SVHLE	STREME-21	5.1e-001	sp|Q8TBE3|FNDC9_HUMAN	14.10	tp	0
21-SVHLE	STREME-21	5.1e-001	sp|Q9Y2K3|MYH15_HUMAN	13.96	tp	0
21-SVHLE	STREME-21	5.1e-001	sp|A6NC98|CC88B_HUMAN	13.89	tp	0
21-SVHLE	STREME-21	5.1e-001	sp|Q9Y6F9|WNT6_HUMAN	13.89	tp	0
21-SVHLE	STREME-21	5.1e-001	sp|Q92823|NRCAM_HUMAN	13.69	tp	0
21-SVHLE	STREME-21	5.1e-001	sp|O60469|DSCAM_HUMAN	13.69	tp	1
21-SVHLE	STREME-21	5.1e-001	sp|Q96MC5|MERB1_HUMAN	13.59	tp	0
21-SVHLE	STREME-21	5.1e-001	sp|Q5VV43|K0319_HUMAN	11.96	tp	0
