Table S2. Cohort 1. Protein information of all 779 proteins available for cohort 1, mean values of four categories of cohort defined in Fig. 1 and Table 1, and results of confidence interval of one factor within both levels of the other factor.;;;;;;;;;
;;;;;;;;;
Association ;Ensembl idenitity;Gene symbols;Protein names;Mean valus of each of the four categories;;;;Confidence intervals (95%);
number;;;;Group A_Ctrl;Grroup A_MS;Group B_Ctrl;Group B_MS;of one factor within both level of the other;
;;;;;;;;Significant for group;Significant for MS
P04217;ENSG00000121410;A1BG;Alpha-1B-glycoprotein;-0,30;-0,94;1,47;0,32;sign;sign
P01023;ENSG00000175899;A2M;Alpha-2-macroglobulin;-0,41;-0,34;0,86;0,58;sign;ns
Q7Z5M8;ENSG00000131969;ABHD12B;Abhydrolase domain-containing protein 12B;-0,21;-0,86;0,94;0,29;sign;ns
Q9BUJ0;ENSG00000248487;ABHD14A;Alpha/beta hydrolase domain-containing protein 14A;0,16;0,53;-0,90;-0,15;sign;ns
P60709;ENSG00000075624;ACTB;Actin, cytoplasmic 1;-0,16;-0,22;0,68;0,14;ns;ns
P68032;ENSG00000159251;ACTC1;Actin, alpha cardiac muscle 1;-0,24;-0,33;0,88;0,26;ns;ns
Q8TDG2;ENSG00000123165;ACTRT1;Actin-related protein T1;-0,47;-0,10;0,81;0,64;ns;ns
P00813;ENSG00000196839;ADA;Adenosine deaminase;-0,18;-0,04;0,77;0,11;ns;ns
O14672;ENSG00000137845;ADAM10;Disintegrin and metalloproteinase domain-containing protein 10;-0,21;-0,50;0,85;0,26;sign;ns
Q9P0K1;ENSG00000008277;ADAM22;Disintegrin and metalloproteinase domain-containing protein 22;-0,32;-0,35;1,23;0,30;sign;ns
Q9UHI8;ENSG00000154734;ADAMTS1;A disintegrin and metalloproteinase with thrombospondin motifs 1;-0,03;0,11;-0,31;0,12;ns;ns
O75173;ENSG00000158859;ADAMTS4;A disintegrin and metalloproteinase with thrombospondin motifs 4;0,26;0,74;0,17;-0,71;ns;ns
O60241;ENSG00000121753;ADGRB2;Brain-specific angiogenesis inhibitor 2;0,37;0,43;-1,23;-0,41;sign;ns
O94910;ENSG00000072071;ADGRL1;Latrophilin-1;0,19;0,32;-0,47;-0,28;ns;ns
Q9HAR2;ENSG00000150471;ADGRL3;Latrophilin-3;0,13;0,01;-0,36;-0,13;ns;ns
Q8IUX7;ENSG00000106624;AEBP1;Adipocyte enhancer-binding protein 1;0,00;0,21;0,11;-0,08;ns;ns
P43652;ENSG00000079557;AFM;Afamin;-0,26;-0,91;1,26;0,30;sign;sign
O00468;ENSG00000188157;AGRN;Agrin;0,10;-0,19;-0,28;-0,05;ns;ns
P01019;ENSG00000135744;AGT;Angiotensin 1-4;-0,14;-0,52;0,64;0,19;sign;ns
Q5TGY3;ENSG00000126705;AHDC1;AT-hook DNA-binding motif-containing protein 1;-0,28;-0,52;1,00;0,34;sign;ns
Q8IVF2;ENSG00000185567;AHNAK2;Protein AHNAK2;-0,32;-0,48;0,83;0,45;sign;ns
P02765;ENSG00000145192;AHSG;Alpha-2-HS-glycoprotein;-0,31;-0,95;1,10;0,46;sign;ns
P02768;ENSG00000163631;ALB;Serum albumin;-0,31;-0,77;1,22;0,39;sign;ns
Q13740;ENSG00000170017;ALCAM;CD166 antigen;-0,04;0,18;0,00;0,03;ns;ns
P04075;ENSG00000149925;ALDOA;Fructose-bisphosphate aldolase A;0,00;0,21;0,19;-0,10;ns;ns
P09972;ENSG00000109107;ALDOC;Fructose-bisphosphate aldolase C;-0,01;0,15;0,50;-0,17;ns;ns
P02760;ENSG00000106927;AMBP;Alpha-1-microglobulin;-0,27;-0,88;1,42;0,27;sign;ns
Q9Y2J4;ENSG00000114019;AMOTL2;Angiomotin-like protein 2;-0,42;-0,43;0,66;0,66;sign;ns
P04745;ENSG00000237763;AMY1A;Alpha-amylase 1;-0,27;-0,56;0,28;0,55;ns;ns
P03950;ENSG00000214274;ANG;Angiogenin;-0,33;-0,15;0,92;0,36;ns;ns
Q01484;ENSG00000145362;ANK2;Ankyrin-2;0,09;-0,34;-0,14;-0,04;ns;ns
P04083;ENSG00000135046;ANXA1;Annexin A1;0,05;-0,04;0,34;-0,19;ns;ns
P08133;ENSG00000197043;ANXA6;Annexin A6;-0,13;-0,38;0,89;0,05;ns;ns
P51693;ENSG00000105290;APLP1;Amyloid-like protein 1;0,38;0,37;-0,80;-0,53;ns;ns
Q06481;ENSG00000084234;APLP2;Amyloid-like protein 2;0,23;-0,09;-0,34;-0,29;ns;ns
P02647;ENSG00000118137;APOA1;Apolipoprotein A-I;-0,26;-1,12;1,17;0,39;sign;sign
P02652;ENSG00000158874;APOA2;Apolipoprotein A-II;-0,22;-1,09;0,89;0,39;sign;ns
P06727;ENSG00000110244;APOA4;Apolipoprotein A-IV;-0,21;-0,98;1,12;0,27;sign;ns
P04114;ENSG00000084674;APOB;Apolipoprotein B-100;-0,23;-0,68;0,75;0,36;sign;ns
P02654;ENSG00000130208;APOC1;Apolipoprotein C-I;-0,29;-0,80;0,61;0,53;sign;ns
P02656;ENSG00000110245;APOC3;Apolipoprotein C-III;-0,24;-0,64;0,83;0,34;sign;ns
P05090;ENSG00000189058;APOD;Apolipoprotein D;-0,31;-0,46;1,19;0,31;ns;ns
P02649;ENSG00000130203;APOE;Apolipoprotein E;-0,03;-0,02;-0,56;0,22;ns;ns
P02749;ENSG00000091583;APOH;Beta-2-glycoprotein 1;-0,20;-0,77;1,25;0,17;sign;ns
O14791;ENSG00000100342;APOL1;Apolipoprotein L1;-0,03;-0,24;0,20;0,06;ns;ns
O95445;ENSG00000204444;APOM;Apolipoprotein M;-0,18;-1,04;0,96;0,28;sign;sign
P05067;ENSG00000142192;APP;Amyloid beta A4 protein;0,34;0,34;-0,91;-0,42;sign;ns
Q53QZ3;ENSG00000075884;ARHGAP15;Rho GTPase-activating protein 15;-0,28;-0,21;0,64;0,38;sign;ns
Q8N5I2;ENSG00000197070;ARRDC1;Arrestin domain-containing protein 1;-0,07;-0,23;0,28;0,09;ns;ns
Q13508;ENSG00000156219;ART3;Ecto-ADP-ribosyltransferase 3;0,16;0,40;-0,52;-0,24;ns;ns
Q9ULH1;ENSG00000153317;ASAP1;Arf-GAP with SH3 domain, ANK repeat and PH domain-containing protein 1;-0,35;-0,64;1,18;0,45;sign;ns
Q76L83;ENSG00000143970;ASXL2;Putative Polycomb group protein ASXL2;-0,63;-0,44;0,47;1,12;sign;ns
P50993;ENSG00000018625;ATP1A2;Sodium/potassium-transporting ATPase subunit alpha-2;0,18;0,48;-0,13;-0,40;ns;ns
Q15904;ENSG00000071553;ATP6AP1;V-type proton ATPase subunit S1;0,19;-0,02;0,15;-0,39;ns;ns
O75787;ENSG00000182220;ATP6AP2;Renin receptor;0,33;0,90;-0,61;-0,63;sign;ns
O75882;ENSG00000088812;ATRN;Attractin;-0,24;-0,97;1,22;0,29;sign;sign
P30530;ENSG00000167601;AXL;Tyrosine-protein kinase receptor UFO;-0,05;0,07;-0,72;0,29;ns;ns
P25311;ENSG00000160862;AZGP1;Zinc-alpha-2-glycoprotein;-0,33;-0,81;1,34;0,39;sign;ns
P61769;ENSG00000166710;B2M;Beta-2-microglobulin;-0,39;-0,29;-0,24;0,86;ns;ns
Q9NY97;ENSG00000170340;B3GNT2;UDP-GlcNAc:betaGal beta-1,3-N-acetylglucosaminyltransferase 2;0,16;0,23;-0,66;-0,15;ns;ns
P15291;ENSG00000086062;B4GALT1;Beta-1,4-galactosyltransferase 1;0,11;0,39;-0,61;-0,12;ns;ns
O43505;ENSG00000174684;B4GAT1;N-acetyllactosaminide beta-1,3-N-acetylglucosaminyltransferase;0,11;-0,10;-0,26;-0,10;ns;ns
Q6UXY1;ENSG00000128298;BAIAP2L2;Brain-specific angiogenesis inhibitor 1-associated protein 2-like protein 2;-0,22;-0,15;0,96;0,15;ns;ns
Q13145;ENSG00000095739;BAMBI;BMP and activin membrane-bound inhibitor homolog;0,18;0,16;-0,16;-0,32;ns;ns
P80723;ENSG00000176788;BASP1;Brain acid soluble protein 1;0,10;0,26;0,15;-0,29;ns;ns
Q96GW7;ENSG00000132692;BCAN;Brevican core protein;0,26;-0,05;-0,75;-0,23;ns;ns
P35613;ENSG00000172270;BSG;Basigin;0,37;0,52;-0,57;-0,63;sign;ns
P43251;ENSG00000169814;BTD;Biotinidase;-0,23;-0,73;1,07;0,27;sign;sign
Q86VG3;ENSG00000166352;C11ORF74;Uncharacterized protein C11orf74;0,15;0,42;-0,30;-0,28;ns;ns
Q9H741;ENSG00000111412;C12ORF49;UPF0454 protein C12orf49;0,19;0,90;-0,71;-0,35;ns;ns
Q6UX73;ENSG00000153446;C16ORF89;UPF0764 protein C16orf89;0,10;0,62;-0,25;-0,25;ns;ns
P02745;ENSG00000173372;C1QA;Complement C1q subcomponent subunit A;-0,47;-0,28;0,79;0,70;sign;ns
P02746;ENSG00000173369;C1QB;Complement C1q subcomponent subunit B;-0,52;-0,40;0,75;0,83;sign;ns
P02747;ENSG00000159189;C1QC;Complement C1q subcomponent subunit C;-0,54;-0,33;0,64;0,87;sign;ns
P00736;ENSG00000159403;C1R;Complement C1r subcomponent;-0,50;-0,44;0,67;0,83;sign;ns
Q9NZP8;ENSG00000139178;C1RL;Complement C1r subcomponent-like protein;-0,30;-0,83;1,41;0,33;sign;sign
P09871;ENSG00000182326;C1S;Complement C1s subcomponent;-0,49;-0,31;0,76;0,75;sign;ns
P06681;ENSG00000166278;C2;Complement C2;-0,36;-0,84;1,49;0,41;sign;sign
Q9H1Z8;ENSG00000119147;C2ORF40;Augurin;-0,07;-0,06;0,22;0,08;ns;ns
P01024;ENSG00000125730;C3;Acylation stimulating protein;-0,27;-0,74;1,50;0,21;sign;ns
P0C0L4;ENSG00000244731;C4A;C4a anaphylatoxin;-0,27;-0,46;0,75;0,38;sign;ns
P0C0L5;ENSG00000224389;C4B;C4a anaphylatoxin;-0,29;0,04;0,78;0,29;ns;ns
P04003;ENSG00000123838;C4BPA;C4b-binding protein alpha chain;-0,20;-0,66;1,32;0,13;sign;ns
Q5BLP8;ENSG00000243449;C4ORF48;Neuropeptide-like protein C4orf48;0,17;0,22;-0,50;-0,22;ns;ns
P01031;ENSG00000106804;C5;C5a anaphylatoxin;-0,27;-0,87;1,38;0,29;sign;ns
P13671;ENSG00000039537;C6;Complement component C6;-0,29;-0,63;1,39;0,26;sign;ns
P10643;ENSG00000112936;C7;Complement component C7;-0,39;-0,58;1,23;0,48;sign;ns
P07357;ENSG00000157131;C8A;Complement component C8 alpha chain;-0,22;-0,72;1,38;0,16;sign;ns
P07358;ENSG00000021852;C8B;Complement component C8 beta chain;-0,24;-0,77;1,28;0,24;sign;ns
P07360;ENSG00000176919;C8G;Complement component C8 gamma chain;-0,22;-0,66;1,25;0,17;sign;ns
P02748;ENSG00000113600;C9;Complement component C9;-0,22;-0,65;1,38;0,14;sign;ns
P00915;ENSG00000133742;CA1;Carbonic anhydrase 1;0,13;-0,73;-0,15;-0,02;ns;ns
O75493;ENSG00000063180;CA11;Carbonic anhydrase-related protein 11;0,19;0,27;-1,03;-0,11;ns;ns
Q5VU97;;CACHD1;VWFA and cache domain-containing protein 1;0,14;-0,42;-0,58;0,01;ns;ns
P54289;ENSG00000153956;CACNA2D1;Voltage-dependent calcium channel subunit alpha-2/delta-1;0,25;0,07;-0,68;-0,27;ns;ns
Q9BY67;ENSG00000182985;CADM1;Cell adhesion molecule 1;0,28;0,27;-0,82;-0,33;ns;ns
Q8N3J6;ENSG00000175161;CADM2;Cell adhesion molecule 2;0,25;0,06;-0,05;-0,46;ns;ns
Q8N126;ENSG00000162706;CADM3;Cell adhesion molecule 3;0,26;0,00;0,03;-0,49;ns;ns
Q8NFZ8;ENSG00000105767;CADM4;Cell adhesion molecule 4;-0,27;0,17;0,92;0,18;ns;ns
P05937;ENSG00000104327;CALB1;Calbindin;-0,17;-0,18;0,56;0,19;ns;ns
P27797;ENSG00000179218;CALR;Calreticulin;-0,30;0,46;0,40;0,32;ns;ns
Q9NYX4;ENSG00000130643;CALY;Neuron-specific vesicular protein calcyon;0,30;0,20;-0,77;-0,37;sign;ns
Q9UQM7;ENSG00000070808;CAMK2A;Calcium/calmodulin-dependent protein kinase type II subunit alpha;0,23;0,20;-0,67;-0,26;ns;ns
Q13554;ENSG00000058404;CAMK2B;Calcium/calmodulin-dependent protein kinase type II subunit beta;-0,18;0,22;0,28;0,20;ns;ns
Q8WVQ1;ENSG00000171302;CANT1;Soluble calcium-activated nucleotidase 1;0,06;0,48;-0,72;-0,01;sign;ns
Q14444;ENSG00000135387;CAPRIN1;Caprin-1;-0,11;-0,46;0,76;0,09;ns;ns
Q16568;ENSG00000164326;CARTPT;CART(1-39);0,02;0,47;-0,18;-0,08;ns;ns
Q6UXS9;ENSG00000204403;CASP12;Inactive caspase-12;-0,19;-0,41;0,97;0,15;ns;ns
Q6UW01;ENSG00000139899;CBLN3;Cerebellin-3;0,04;0,12;-0,60;0,08;ns;ns
Q9NTU7;ENSG00000054803;CBLN4;Cerebellin-4;0,19;0,33;-0,70;-0,21;ns;ns
Q3MJ40;;CCDC144B;Coiled-coil domain-containing protein 144B;-0,15;-0,18;0,69;0,11;ns;ns
Q8IYE0;ENSG00000135205;CCDC146;Coiled-coil domain-containing protein 146;-0,13;-0,34;0,60;0,13;ns;ns
Q4G0X9;ENSG00000141519;CCDC40;Coiled-coil domain-containing protein 40;0,02;-0,10;-0,40;0,11;ns;ns
P06307;ENSG00000187094;CCK;Cholecystokinin;0,28;0,38;-0,42;-0,48;ns;ns
Q16627;ENSG00000276409;CCL14;C-C motif chemokine 14;-0,23;-0,93;1,17;0,28;sign;ns
P08571;ENSG00000170458;CD14;Monocyte differentiation antigen CD14;-0,40;-0,19;-0,09;0,81;ns;ns
Q86VB7;ENSG00000177575;CD163;Scavenger receptor cysteine-rich type 1 protein M130;-0,40;0,04;0,57;0,56;ns;ns
P20273;ENSG00000012124;CD22;B-cell receptor CD22;-0,12;-1,18;0,52;0,33;ns;ns
Q9HCU0;ENSG00000174807;CD248;Endosialin;0,19;0,10;-0,69;-0,17;ns;ns
P16070;ENSG00000026508;CD44;CD44 antigen;-0,44;-0,08;0,34;0,72;sign;ns
P08174;ENSG00000196352;CD55;Complement decay-accelerating factor;-0,03;-0,03;-0,18;0,12;ns;ns
P13987;ENSG00000085063;CD59;CD59 glycoprotein;0,06;0,22;-0,18;-0,12;ns;ns
O43866;ENSG00000073754;CD5L;CD5 antigen-like;-0,11;-0,71;0,45;0,23;ns;ns
P04233;ENSG00000019582;CD74;HLA class II histocompatibility antigen gamma chain;-0,21;0,05;-0,02;0,38;ns;ns
P21926;ENSG00000010278;CD9;CD9 antigen;-0,02;-0,02;0,69;-0,17;ns;ns
Q8TCZ2;ENSG00000102181;CD99L2;CD99 antigen-like protein 2;0,15;0,53;-0,65;-0,21;ns;ns
Q99459;ENSG00000096401;CDC5L;Cell division cycle 5-like protein;-0,50;-0,60;0,66;0,86;sign;ns
Q9Y6N8;ENSG00000040731;CDH10;Cadherin-10;0,32;-0,06;-0,31;-0,47;ns;ns
P55290;ENSG00000140945;CDH13;Cadherin-13;0,37;0,14;-0,81;-0,48;ns;ns
P55291;ENSG00000129910;CDH15;Cadherin-15;-0,05;-0,37;-0,02;0,18;ns;ns
P19022;ENSG00000170558;CDH2;Cadherin-2;0,19;0,40;-0,65;-0,25;ns;ns
P55283;ENSG00000179242;CDH4;Cadherin-4;0,33;0,21;-0,68;-0,46;ns;ns
P33151;ENSG00000179776;CDH5;Cadherin-5;-0,19;-0,06;1,12;0,04;ns;ns
P55285;ENSG00000113361;CDH6;Cadherin-6;0,01;-0,11;0,37;-0,10;ns;ns
Q96SZ6;ENSG00000101391;CDK5RAP1;CDK5 regulatory subunit-associated protein 1;-0,26;-0,19;0,88;0,25;ns;ns
Q9HCU4;ENSG00000143126;CELSR2;Cadherin EGF LAG seven-pass G-type receptor 2;0,36;0,66;-1,09;-0,49;sign;ns
O15078;ENSG00000198707;CEP290;Centrosomal protein of 290 kDa;0,23;0,47;-0,63;-0,34;sign;ns
P00751;ENSG00000243649;CFB;Complement factor B;-0,23;-0,94;1,39;0,22;sign;sign
P00746;ENSG00000197766;CFD;Complement factor D;-0,28;-0,16;0,70;0,34;ns;ns
P08603;ENSG00000000971;CFH;Complement factor H;-0,38;-0,65;1,47;0,41;sign;ns
Q03591;ENSG00000244414;CFHR1;Complement factor H-related protein 1;0,08;-0,27;0,10;-0,10;ns;ns
P36980;ENSG00000080910;CFHR2;Complement factor H-related protein 2;-0,15;-0,34;0,84;0,11;ns;ns
P05156;ENSG00000205403;CFI;Complement factor I;-0,23;-0,86;1,60;0,13;sign;sign
Q99674;ENSG00000138028;CGREF1;Cell growth regulator with EF hand domain protein 1;0,19;0,55;-0,46;-0,33;ns;ns
P10645;ENSG00000100604;CHGA;AL-11;0,25;0,36;-0,41;-0,41;ns;ns
P05060;ENSG00000089199;CHGB;CCB peptide;0,12;0,52;0,04;-0,35;ns;ns
P36222;ENSG00000133048;CHI3L1;Chitinase-3-like protein 1;-0,50;-0,30;0,17;0,93;sign;ns
Q15782;ENSG00000064886;CHI3L2;Chitinase-3-like protein 2;-0,46;0,12;0,01;0,81;ns;ns
O00533;ENSG00000134121;CHL1;Neural cell adhesion molecule L1-like protein;0,27;0,38;-0,65;-0,38;ns;ns
Q9H2X0;ENSG00000090539;CHRD;Chordin;-0,06;0,17;0,47;-0,06;ns;ns
Q9BU40;ENSG00000101938;CHRDL1;Chordin-like protein 1;0,06;0,42;-0,26;-0,12;ns;ns
O43529;ENSG00000115526;CHST10;Carbohydrate sulfotransferase 10;-0,21;0,06;0,11;0,35;ns;ns
O75122;ENSG00000163539;CLASP2;cytoplasmic linker associated protein 2;-0,20;-0,92;1,14;0,23;sign;sign
P51795;ENSG00000171365;CLCN5;H(+)/Cl(-) exchange transporter 5;0,12;0,26;-0,67;-0,09;ns;ns
Q9Y240;ENSG00000105472;CLEC11A;C-type lectin domain family 11 member A;0,23;0,03;-0,66;-0,24;ns;ns
P05452;ENSG00000163815;CLEC3B;Tetranectin;-0,07;-0,58;0,78;0,03;ns;ns
P30622;ENSG00000130779;CLIP1;CAP-Gly domain-containing linker protein 1;-0,18;-0,24;0,81;0,15;ns;ns
O75503;ENSG00000102805;CLN5;Ceroid-lipofuscinosis neuronal protein 5;-0,12;-0,56;0,36;0,24;ns;ns
O94985;ENSG00000171603;CLSTN1;Calsyntenin-1;0,13;0,07;-0,25;-0,18;ns;ns
Q9BQT9;ENSG00000139182;CLSTN3;Calsyntenin-3;0,17;0,20;0,09;-0,39;ns;ns
P10909;ENSG00000120885;CLU;Clusterin;-0,05;-0,25;0,36;0,04;ns;ns
Q96KN2;ENSG00000150656;CNDP1;Beta-Ala-His dipeptidase;0,07;-0,30;-0,05;-0,03;ns;ns
Q14028;ENSG00000070729;CNGB1;Cyclic nucleotide-gated cation channel beta-1;-0,17;-0,36;0,98;0,10;ns;ns
P26992;ENSG00000122756;CNTFR;Ciliary neurotrophic factor receptor subunit alpha;0,14;-0,03;-0,35;-0,14;ns;ns
Q12860;ENSG00000018236;CNTN1;Contactin-1;0,06;-0,11;0,04;-0,09;ns;ns
Q02246;ENSG00000184144;CNTN2;Contactin-2;0,16;-0,28;-0,17;-0,17;ns;ns
Q8IWV2;ENSG00000144619;CNTN4;Contactin-4;0,05;0,02;-0,42;0,03;ns;ns
Q9UHC6;ENSG00000174469;CNTNAP2;Contactin-associated protein-like 2;0,31;0,45;-1,15;-0,33;sign;ns
Q9C0A0;ENSG00000152910;CNTNAP4;Contactin-associated protein-like 4;0,27;0,55;-0,84;-0,38;sign;ns
O43405;ENSG00000100473;COCH;Cochlin;0,06;0,13;-0,35;-0,03;ns;ns
P39060;ENSG00000182871;COL18A1;Collagen alpha-1(XVIII) chain;-0,35;-0,43;0,36;0,64;sign;ns
P02452;ENSG00000108821;COL1A1;Collagen alpha-1(I) chain;-0,15;-0,65;0,69;0,22;sign;ns
P08123;ENSG00000164692;COL1A2;Collagen alpha-2(I) chain;-0,23;-0,37;1,00;0,21;ns;ns
Q96A83;ENSG00000160963;COL26A1;Collagen alpha-1(XXVI) chain;-0,19;-0,73;1,33;0,13;sign;ns
P02461;ENSG00000168542;COL3A1;Collagen alpha-1(III) chain;-0,16;-0,37;0,65;0,19;ns;ns
P12109;ENSG00000142156;COL6A1;Collagen alpha-1(VI) chain;0,02;0,00;-0,13;0,01;ns;ns
P12111;ENSG00000163359;COL6A3;Collagen alpha-3(VI) chain;-0,20;0,22;0,13;0,28;ns;ns
Q5KU26;ENSG00000158270;COLEC12;Collectin-12;-0,15;-0,09;0,54;0,14;ns;ns
P00450;ENSG00000047457;CP;Ceruloplasmin;-0,33;-0,82;1,41;0,38;sign;ns
Q96IY4;ENSG00000080618;CPB2;Carboxypeptidase B2;-0,25;-0,76;1,35;0,22;sign;ns
P16870;ENSG00000109472;CPE;Carboxypeptidase E;0,07;-0,06;-0,46;0,03;ns;ns
P22792;ENSG00000178772;CPN2;Carboxypeptidase N subunit 2;-0,27;-0,71;1,30;0,27;sign;ns
Q9Y646;ENSG00000104324;CPQ;Carboxypeptidase Q;0,11;-0,19;-0,06;-0,13;ns;ns
Q9H3G5;ENSG00000106066;CPVL;Probable serine carboxypeptidase CPVL;-0,04;0,02;0,73;-0,14;ns;ns
Q96HD1;ENSG00000163703;CRELD1;Cysteine-rich with EGF-like domain protein 1;-0,14;0,06;0,54;0,08;ns;ns
Q9UBG3;ENSG00000143536;CRNN;Cornulin;-0,09;-0,93;0,16;0,34;ns;ns
P02741;ENSG00000132693;CRP;C-reactive protein;-0,16;-0,63;0,95;0,15;sign;sign
Q9NQ79;ENSG00000095713;CRTAC1;Cartilage acidic protein 1;0,06;0,18;0,00;-0,15;ns;ns
P55060;ENSG00000124207;CSE1L;Exportin-2;-0,28;-0,49;0,82;0,37;sign;ns
P09603;ENSG00000184371;CSF1;Macrophage colony-stimulating factor 1;0,10;0,34;0,24;-0,34;ns;ns
P07333;ENSG00000182578;CSF1R;Macrophage colony-stimulating factor 1 receptor;-0,13;-0,25;0,15;0,25;ns;ns
O95196;ENSG00000114646;CSPG5;Chondroitin sulfate proteoglycan 5;0,06;0,29;-0,44;-0,04;ns;ns
P01037;ENSG00000170373;CST1;Cystatin-SN;-0,02;-0,66;0,83;-0,06;ns;ns
P01034;ENSG00000101439;CST3;Cystatin-C;0,20;0,27;-0,55;-0,26;ns;ns
Q15828;ENSG00000175315;CST6;Cystatin-M;-0,05;-0,21;0,37;0,03;ns;ns
Q8IX94;ENSG00000225932;CTAGE4;cTAGE family member 4;-0,30;-0,55;1,03;0,36;sign;ns
Q01459;ENSG00000117151;CTBS;Di-N-acetylchitobiase;-0,28;-0,77;1,01;0,38;sign;ns
P07858;ENSG00000164733;CTSB;Cathepsin B;-0,07;-0,22;-0,10;0,20;ns;ns
P53634;ENSG00000109861;CTSC;Dipeptidyl peptidase 1;-0,08;-0,01;0,45;0,02;ns;ns
P07339;ENSG00000117984;CTSD;Cathepsin D;-0,16;-0,28;0,68;0,15;ns;ns
Q9UBX1;ENSG00000174080;CTSF;Cathepsin F;-0,37;-0,67;0,99;0,53;sign;ns
P09668;ENSG00000103811;CTSH;Cathepsin H;-0,30;-0,48;0,48;0,52;sign;ns
P07711;ENSG00000135047;CTSL;Cathepsin L1;0,06;-0,85;0,83;-0,17;sign;sign
Q9UBR2;ENSG00000101160;CTSZ;Cathepsin Z;-0,15;-0,56;0,28;0,32;ns;ns
Q13616;ENSG00000055130;CUL1;Cullin-1;-0,20;0,00;0,41;0,24;ns;ns
O60888;ENSG00000112514;CUTA;Protein CutA;-0,08;-0,54;0,04;0,26;ns;ns
Q9H2A7;ENSG00000161921;CXCL16;C-X-C motif chemokine 16;-0,16;0,19;1,01;-0,06;ns;ns
P99999;ENSG00000172115;CYCS;Cytochrome c;0,06;-0,46;0,08;-0,03;ns;ns
P19099;ENSG00000179142;CYP11B2;Cytochrome P450 11B2, mitochondrial;-0,26;0,02;-0,02;0,47;ns;ns
Q14118;ENSG00000173402;DAG1;Alpha-dystroglycan;-0,09;0,41;0,31;-0,02;ns;ns
P07108;ENSG00000155368;DBI;Acyl-CoA-binding protein;-0,09;0,16;0,42;0,00;ns;ns
P43146;ENSG00000187323;DCC;Netrin receptor DCC;0,19;0,38;-0,22;-0,38;ns;ns
P81605;ENSG00000161634;DCD;DCD-1;-0,36;-0,29;0,90;0,46;sign;ns
P07585;ENSG00000011465;DCN;Decorin;-0,16;0,10;0,05;0,25;ns;ns
Q8NHQ9;ENSG00000111364;DDX55;ATP-dependent RNA helicase DDX55;-0,07;0,01;0,49;-0,02;ns;ns
Q9UBP4;ENSG00000050165;DKK3;Dickkopf-related protein 3;0,17;0,57;-0,35;-0,34;ns;ns
Q8TE73;ENSG00000039139;DNAH5;Dynein heavy chain 5, axonemal;-0,08;-0,46;0,88;-0,02;ns;ns
Q8NFT8;ENSG00000187957;DNER;Delta and Notch-like epidermal growth factor-related receptor;0,00;0,30;-0,03;-0,06;ns;ns
Q9UHL4;ENSG00000176978;DPP7;Dipeptidyl peptidase 2;-0,01;-0,21;0,11;0,03;ns;ns
Q07507;ENSG00000143196;DPT;Dermatopontin;-0,13;0,21;-0,15;0,23;ns;ns
Q02487;ENSG00000134755;DSC2;Desmocollin-2;-0,08;0,50;-1,05;0,35;ns;ns
Q02413;ENSG00000134760;DSG1;Desmoglein-1;-0,14;-0,17;1,00;-0,01;ns;ns
A0AVK6;ENSG00000129173;E2F8;Transcription factor E2F8;0,12;0,38;-0,03;-0,31;ns;ns
Q16610;ENSG00000143369;ECM1;Extracellular matrix protein 1;0,00;-0,30;0,78;-0,17;ns;ns
O94769;ENSG00000106823;ECM2;Extracellular matrix protein 2;-0,16;0,15;0,69;0,05;ns;ns
Q12805;ENSG00000115380;EFEMP1;EGF-containing fibulin-like extracellular matrix protein 1;-0,09;-0,07;0,45;0,05;ns;ns
O95967;ENSG00000172638;EFEMP2;EGF-containing fibulin-like extracellular matrix protein 2;-0,28;0,08;0,33;0,39;ns;ns
P52799;ENSG00000125266;EFNB2;Ephrin-B2;0,09;-0,13;-0,43;-0,01;ns;ns
O94919;ENSG00000149218;ENDOD1;Endonuclease domain-containing 1 protein;0,09;0,20;0,29;-0,29;ns;ns
P06733;ENSG00000074800;ENO1;Alpha-enolase;0,06;-0,19;0,03;-0,07;ns;ns
P09104;ENSG00000111674;ENO2;Gamma-enolase;0,15;0,19;-0,42;-0,19;ns;ns
Q13822;ENSG00000136960;ENPP2;Ectonucleotide pyrophosphatase/phosphodiesterase family member 2;-0,29;-0,13;0,88;0,29;ns;ns
P11171;ENSG00000159023;EPB41;Protein 4.1;0,21;0,50;-0,66;-0,30;sign;ns
P54764;ENSG00000116106;EPHA4;Ephrin type-A receptor 4;0,36;0,29;-0,89;-0,45;ns;ns
P54756;ENSG00000145242;EPHA5;Ephrin type-A receptor 5;0,04;-0,02;0,06;-0,08;ns;ns
Q15375;ENSG00000135333;EPHA7;Ephrin type-A receptor 7;0,21;-0,25;-0,12;-0,29;ns;ns
Q96RT1;ENSG00000112851;ERBIN;Protein LAP2;-0,09;-0,21;0,65;0,02;ns;ns
Q9UBQ6;ENSG00000162694;EXTL2;Exostosin-like 2;0,26;0,28;-0,37;-0,44;ns;ns
P00742;ENSG00000126218;F10;Activated factor Xa heavy chain;-0,24;-0,52;1,05;0,24;ns;ns
P00748;ENSG00000131187;F12;Beta-factor XIIa part 1;-0,29;-0,36;1,21;0,24;ns;ns
P05160;ENSG00000143278;F13B;Coagulation factor XIII B chain;-0,09;-0,28;0,74;0,01;ns;ns
P00734;ENSG00000180210;F2;Activation peptide fragment 1;-0,27;-0,77;1,44;0,25;sign;ns
P12259;ENSG00000198734;F5;Coagulation factor V;-0,25;-0,08;0,57;0,31;ns;ns
P00740;ENSG00000101981;F9;Coagulation factor IX;-0,46;-0,26;0,97;0,61;sign;ns
Q7Z5A9;ENSG00000183662;FAM19A1;Protein FAM19A1;0,30;-0,72;-0,19;-0,33;ns;ns
Q8N3H0;ENSG00000198673;FAM19A2;Protein FAM19A2;0,35;0,48;-0,99;-0,45;sign;ns
Q96MK3;ENSG00000108950;FAM20A;Protein FAM20A;-0,21;-0,72;0,36;0,45;sign;ns
Q92520;ENSG00000196937;FAM3C;Protein FAM3C;0,37;0,22;-0,34;-0,63;ns;ns
Q9NYQ8;ENSG00000086570;FAT2;Protocadherin Fat 2;0,08;0,18;-0,19;-0,13;ns;ns
P23142;ENSG00000077942;FBLN1;Fibulin-1;-0,35;-0,04;1,07;0,34;ns;ns
P98095;ENSG00000163520;FBLN2;Fibulin-2;-0,53;-0,27;-0,14;1,09;ns;ns
Q9UBX5;ENSG00000140092;FBLN5;Fibulin-5;-0,19;0,13;0,29;0,23;ns;ns
Q53RD9;ENSG00000144152;FBLN7;Fibulin-7;0,25;0,33;-0,73;-0,31;ns;ns
P35555;ENSG00000166147;FBN1;Fibrillin-1;-0,06;0,09;0,29;-0,01;ns;ns
Q9Y6R7;;FCGBP;IgGFc-binding protein;-0,19;-0,55;0,36;0,36;ns;ns
P08637;ENSG00000203747;FCGR3A;Low affinity immunoglobulin gamma Fc region receptor III-A;-0,37;0,37;0,62;0,41;ns;ns
Q9UGM5;ENSG00000090512;FETUB;Fetuin-B;-0,24;-0,90;0,99;0,35;sign;ns
P02671;ENSG00000171560;FGA;Fibrinogen alpha chain;-0,25;-0,73;1,57;0,16;sign;ns
P02675;ENSG00000171564;FGB;Fibrinogen beta chain;-0,26;-0,83;1,60;0,20;sign;ns
P11362;ENSG00000077782;FGFR1;Fibroblast growth factor receptor 1;-0,21;-0,36;0,33;0,37;ns;ns
P21802;ENSG00000066468;FGFR2;Fibroblast growth factor receptor 2;-0,02;0,06;-0,14;0,06;ns;ns
P22607;ENSG00000068078;FGFR3;Fibroblast growth factor receptor 3;0,26;0,47;-0,93;-0,31;sign;ns
P02679;ENSG00000171557;FGG;Fibrinogen gamma chain;-0,24;-0,80;1,60;0,15;sign;ns
Q14314;ENSG00000127951;FGL2;Fibroleukin;-0,36;-0,42;0,35;0,65;ns;ns
P62942;ENSG00000088832;FKBP1A;Peptidyl-prolyl cis-trans isomerase FKBP1A;0,05;0,10;0,32;-0,21;ns;ns
Q06828;ENSG00000122176;FMOD;Fibromodulin;-0,37;0,05;0,64;0,47;ns;ns
P02751;ENSG00000115414;FN1;Anastellin;-0,10;-0,39;0,90;0,01;ns;ns
Q5SYB0;ENSG00000070601;FRMPD1;FERM and PDZ domain-containing protein 1;-0,26;0,04;0,14;0,44;ns;ns
Q5JV73;ENSG00000147234;FRMPD3;FERM and PDZ domain-containing protein 3;-0,04;-0,23;0,71;-0,09;ns;ns
Q9P0K9;ENSG00000260230;FRRS1L;DOMON domain-containing protein FRRS1L;0,07;0,22;-0,13;-0,14;ns;ns
Q92765;ENSG00000162998;FRZB;Secreted frizzled-related protein 3;-0,03;-0,01;-0,01;0,05;ns;ns
Q12841;ENSG00000163430;FSTL1;Follistatin-related protein 1;-0,26;-0,92;1,25;0,31;sign;sign
Q6MZW2;ENSG00000053108;FSTL4;Follistatin-related protein 4;0,33;0,04;-0,68;-0,40;ns;ns
Q8N475;ENSG00000168843;FSTL5;Follistatin-related protein 5;0,19;0,17;-0,70;-0,19;ns;ns
P04066;ENSG00000179163;FUCA1;Tissue alpha-L-fucosidase;0,00;0,04;0,22;-0,08;ns;ns
Q9BTY2;ENSG00000001036;FUCA2;Plasma alpha-L-fucosidase;-0,16;0,02;0,68;0,08;ns;ns
Q14376;ENSG00000117308;GALE;UDP-glucose 4-epimerase;-0,07;0,33;0,27;-0,02;ns;ns
Q86SR1;ENSG00000164574;GALNT10;Polypeptide N-acetylgalactosaminyltransferase 10;-0,09;-0,41;0,19;0,20;ns;ns
Q86SF2;ENSG00000109586;GALNT7;N-acetylgalactosaminyltransferase 7;-0,13;-0,26;0,57;0,12;ns;ns
Q14697;ENSG00000089597;GANAB;Neutral alpha-glucosidase AB;0,13;0,21;-0,18;-0,24;ns;ns
P17677;ENSG00000172020;GAP43;Neuromodulin;0,25;0,48;-0,59;-0,39;ns;ns
P04406;ENSG00000111640;GAPDH;Glyceraldehyde-3-phosphate dehydrogenase;0,06;0,42;0,51;-0,36;ns;ns
Q14393;ENSG00000183087;GAS6;Growth arrest-specific protein 6;-0,05;0,05;-0,08;0,11;ns;ns
P02774;ENSG00000145321;GC;Vitamin D-binding protein;-0,25;-0,97;1,23;0,32;sign;sign
Q9Y2T3;ENSG00000119125;GDA;Guanine deaminase;0,12;-0,05;0,01;-0,22;ns;ns
O00451;ENSG00000168546;GFRA2;GDNF family receptor alpha-2;0,29;0,26;-0,48;-0,45;ns;ns
Q92820;ENSG00000137563;GGH;Gamma-glutamyl hydrolase;-0,01;-0,83;0,16;0,16;ns;ns
Q9Y6H8;ENSG00000121743;GJA3;Gap junction alpha-3 protein;0,05;-0,25;-0,23;0,04;ns;ns
P17900;ENSG00000196743;GM2A;Ganglioside GM2 activator;0,11;0,29;-0,07;-0,25;ns;ns
Q9UJJ9;ENSG00000090581;GNPTG;N-acetylglucosamine-1-phosphotransferase subunit gamma;-0,17;-0,14;0,67;0,15;ns;ns
O00461;ENSG00000173905;GOLIM4;Golgi integral membrane protein 4;0,12;0,32;-0,42;-0,16;ns;ns
Q8NBJ4;ENSG00000135052;GOLM1;Golgi membrane protein 1;0,22;0,69;-0,20;-0,51;ns;ns
P17174;ENSG00000120053;GOT1;Aspartate aminotransferase, cytoplasmic;0,07;0,23;0,46;-0,32;ns;ns
P35052;ENSG00000063660;GPC1;Glypican-1;-0,11;0,17;0,08;0,13;ns;ns
P80108;ENSG00000112293;GPLD1;Phosphatidylinositol-glycan-specific phospholipase D;-0,31;-0,56;0,55;0,53;ns;ns
Q5T848;ENSG00000151025;GPR158;Probable G-protein coupled receptor 158;0,08;0,16;-0,20;-0,12;ns;ns
O15354;ENSG00000170775;GPR37;Probable G-protein coupled receptor 37;0,17;0,31;0,53;-0,54;ns;ns
O60883;ENSG00000170075;GPR37L1;Endothelin B receptor-like protein 2;0,15;0,35;-0,78;-0,12;ns;ns
P22352;ENSG00000211445;GPX3;Glutathione peroxidase 3;-0,33;-0,05;1,15;0,26;ns;ns
P48058;ENSG00000152578;GRIA4;Glutamate receptor 4;0,29;0,02;-0,65;-0,35;ns;ns
P06396;ENSG00000148180;GSN;Gelsolin;-0,36;-0,25;1,02;0,42;ns;ns
P09211;ENSG00000084207;GSTP1;Glutathione S-transferase P;-0,19;-0,10;0,39;0,26;ns;ns
Q14520;ENSG00000148702;HABP2;Hyaluronan-binding protein 2;-0,22;-1,07;1,13;0,32;sign;ns
P69905;ENSG00000206172;HBA1;Hemoglobin subunit alpha;-0,06;-0,18;-0,32;0,25;ns;ns
P68871;ENSG00000244734;HBB;Hemoglobin subunit beta;-0,05;-0,30;-0,38;0,27;ns;ns
P02042;ENSG00000223609;HBD;Hemoglobin subunit delta;0,05;0,14;-0,41;-0,01;ns;ns
Q96DB2;ENSG00000163517;HDAC11;Histone deacetylase 11;0,01;0,36;-0,16;-0,05;ns;ns
P06865;ENSG00000213614;HEXA;Beta-hexosaminidase subunit alpha;-0,08;-0,57;-0,32;0,38;ns;ns
P07686;ENSG00000049860;HEXB;Beta-hexosaminidase subunit beta;-0,06;-0,57;0,39;0,13;ns;ns
Q96KK5;ENSG00000274997;HIST1H2AH;Histone H2A type 1-H;-0,13;-0,39;0,33;0,23;ns;ns
O60814;ENSG00000197903;HIST1H2BK;Histone H2B type 1-K;-0,09;-0,47;0,11;0,24;ns;ns
P62805;ENSG00000278637;HIST1H4A;Histone H4;-0,10;-0,18;-0,06;0,24;ns;ns
P22626;ENSG00000122566;HNRNPA2B1;Heterogeneous nuclear ribonucleoproteins A2/B1;0,23;0,50;-1,10;-0,20;ns;ns
P00738;ENSG00000257017;HP;Haptoglobin;-0,15;-0,80;1,18;0,11;sign;sign
P00739;ENSG00000261701;HPR;Haptoglobin-related protein;-0,15;-0,89;1,32;0,09;sign;sign
P02790;ENSG00000110169;HPX;Hemopexin;-0,37;-0,63;1,56;0,35;sign;ns
P04196;ENSG00000113905;HRG;Histidine-rich glycoprotein;-0,33;-0,90;1,18;0,47;sign;ns
Q8IZP7;ENSG00000185352;HS6ST3;Heparan-sulfate 6-O-sulfotransferase 3;0,32;0,29;-0,95;-0,37;ns;ns
Q99714;ENSG00000072506;HSD17B10;3-hydroxyacyl-CoA dehydrogenase type-2;-0,24;-0,53;0,85;0,30;sign;ns
P11021;ENSG00000044574;HSPA5;78 kDa glucose-regulated protein;-0,11;0,31;-0,04;0,14;ns;ns
P98160;ENSG00000142798;HSPG2;Basement membrane-specific heparan sulfate proteoglycan core protein;-0,38;-0,08;0,86;0,46;ns;ns
Q92743;ENSG00000166033;HTRA1;Serine protease HTRA1;0,16;0,20;0,27;-0,42;ns;ns
P04806;;HXK1;Hexokinase-1;-0,23;-0,51;1,07;0,22;sign;ns
Q9Y4L1;ENSG00000149428;HYOU1;Hypoxia up-regulated protein 1;0,17;0,46;-0,57;-0,24;ns;ns
O75144;ENSG00000160223;ICOSLG;ICOS ligand;-0,28;-0,52;1,05;0,33;sign;ns
P22304;ENSG00000010404;IDS;Iduronate 2-sulfatase;0,40;0,00;-0,84;-0,48;ns;ns
P01344;ENSG00000167244;IGF2;Insulin-like growth factor II;-0,34;-0,40;1,03;0,41;sign;ns
P35858;ENSG00000099769;IGFALS;Insulin-like growth factor-binding protein complex acid labile subunit;-0,12;-0,88;0,93;0,15;sign;sign
P18065;ENSG00000115457;IGFBP2;Insulin-like growth factor-binding protein 2;-0,13;0,20;0,53;0,03;ns;ns
P22692;ENSG00000141753;IGFBP4;Insulin-like growth factor-binding protein 4;0,03;-0,35;0,73;-0,19;ns;ns
P24593;ENSG00000115461;IGFBP5;Insulin-like growth factor-binding protein 5;-0,08;0,38;0,67;-0,15;ns;ns
P24592;ENSG00000167779;IGFBP6;Insulin-like growth factor-binding protein 6;-0,31;-0,19;0,85;0,37;ns;ns
Q16270;ENSG00000163453;IGFBP7;Insulin-like growth factor-binding protein 7;-0,04;-0,25;0,75;-0,09;ns;ns
P01876;ENSG00000211895;IGHA1;Ig alpha-1 chain C region;-0,23;-0,25;0,91;0,21;ns;ns
P01877;ENSG00000211890;IGHA2;Ig alpha-2 chain C region;-0,26;-0,39;1,32;0,18;ns;ns
P01880;ENSG00000211898;IGHD;Ig delta chain C region;-0,13;-1,15;0,96;0,21;sign;ns
P01857;ENSG00000211896;IGHG1;Ig gamma-1 chain C region;-0,64;-0,38;0,38;1,15;sign;ns
P01859;ENSG00000211893;IGHG2;Ig gamma-2 chain C region;-0,40;-0,30;1,36;0,39;sign;ns
P01860;;IGHG3;Ig gamma-3 chain C region;-0,30;-0,44;1,23;0,28;sign;ns
P01861;ENSG00000211892;IGHG4;Ig gamma-4 chain C region;-0,08;-0,32;0,88;-0,05;ns;ns
P01871;ENSG00000211899;IGHM;Ig mu chain C region;-0,52;-0,09;0,49;0,84;sign;ns
P04220;;IGHM;Ig mu heavy chain disease protein;-0,54;-0,22;0,51;0,89;sign;ns
P23083;ENSG00000211934;IGHV1-2;Ig heavy chain V-I region V35;-0,35;-0,26;0,87;0,43;sign;ns
P01743;ENSG00000211962;IGHV1-46;Ig heavy chain V-I region HG3;-0,44;-0,61;0,97;0,66;sign;ns
P01814;ENSG00000274576;IGHV2-70;Ig heavy chain V-II region OU;-0,31;-0,39;0,34;0,55;sign;ns
P01762;ENSG00000211941;IGHV3-11;Ig heavy chain V-III region TRO;-0,50;-0,27;1,03;0,66;sign;ns
P01766;ENSG00000211942;IGHV3-13;Ig heavy chain V-III region BRO;-0,58;-0,28;0,56;0,97;sign;ns
P01768;ENSG00000270550;IGHV3-30;Ig heavy chain V-III region CAM;-0,54;-0,43;1,01;0,79;sign;ns
P01772;ENSG00000211955;IGHV3-33;Ig heavy chain V-III region KOL;-0,43;-0,68;1,12;0,61;sign;ns
P01763;ENSG00000211964;IGHV3-48;Ig heavy chain V-III region WEA;-0,49;-0,38;0,68;0,79;sign;ns
P01767;ENSG00000211967;IGHV3-53;Ig heavy chain V-III region BUT;-0,53;-0,03;1,08;0,66;ns;ns
P01780;ENSG00000211938;IGHV3-7;Ig heavy chain V-III region JON;-0,20;0,26;-0,15;0,34;ns;ns
P01781;;IGHV3-7;Ig heavy chain V-III region GAL;-0,59;-0,51;0,51;1,06;sign;ns
P06331;ENSG00000211956;IGHV4-34;Ig heavy chain V-II region ARH-77;-0,61;-0,32;0,11;1,16;sign;ns
P01824;ENSG00000211959;IGHV4-39;Ig heavy chain V-II region WAH;-0,48;-0,60;0,41;0,90;sign;ns
P01834;;IGKC;"Ig kappa chain C region also; Immunoglobulin kappa constant";-0,65;-0,45;0,53;1,14;sign;ns
P01594;ENSG00000242076;IGKV1-33;Ig kappa chain V-I region AU;-0,30;-0,56;0,44;0,54;sign;ns
P01597;ENSG00000242371;IGKV1-39;Ig kappa chain V-I region DEE;-0,56;-0,27;0,28;1,01;sign;ns
P01602;ENSG00000243466;IGKV1-5;Ig kappa chain V-I region HK102;-0,59;-0,44;0,51;1,03;sign;ns
P01611;ENSG00000278857;IGKV1D-12;Ig kappa chain V-I region Wes;-0,62;-0,27;0,50;1,05;sign;ns
P06310;ENSG00000243238;IGKV2-30;Ig kappa chain V-II region RPMI 6410;-0,52;-0,55;0,58;0,91;sign;ns
P01615;ENSG00000242534;IGKV2D-28;Ig kappa chain V-II region FR;-0,44;-0,57;0,47;0,81;sign;ns
P04433;ENSG00000241351;IGKV3-11;Ig kappa chain V-III region VG;-0,64;-0,27;0,09;1,21;sign;ns
P01624;ENSG00000244437;IGKV3-15;Ig kappa chain V-III region POM;-0,36;-0,74;0,59;0,66;sign;ns
P01619;ENSG00000239951;IGKV3-20;Ig kappa chain V-III region B6;-0,48;-0,81;0,62;0,89;sign;ns
P15814;ENSG00000128322;IGLL1;Immunoglobulin lambda-like polypeptide 1;-0,33;-0,15;0,61;0,45;ns;ns
B9A064;ENSG00000254709;IGLL5;Immunoglobulin lambda-like polypeptide 5;-0,43;-0,05;0,94;0,51;ns;ns
A6NGN9;ENSG00000142549;IGLON5;IgLON family member 5;0,14;0,12;-0,52;-0,13;ns;ns
P01701;ENSG00000211644;IGLV1-51;Ig lambda chain V-I region NEW;-0,17;-0,27;0,40;0,25;ns;ns
P01714;ENSG00000211663;IGLV3-19;Ig lambda chain V-III region SH;-0,47;0,31;1,03;0,48;ns;ns
P80748;ENSG00000211662;IGLV3-21;Ig lambda chain V-III region LOI;-0,39;-0,40;0,81;0,55;sign;ns
P01717;ENSG00000211659;IGLV3-25;Ig lambda chain V-IV region Hil;-0,41;-0,39;1,32;0,45;sign;ns
P04211;ENSG00000211652;IGLV7-43;Ig lambda chain V region 4A;-0,40;-0,20;0,88;0,52;sign;ns
P80419;;;Ig heavy chain V-III region GAR;-0,13;-0,86;0,60;0,25;sign;ns
P01622;;;Ig kappa chain V-III region Ti;-0,25;-1,04;0,15;0,66;sign;ns
P01620;;;Ig kappa chain V-III region SIE;-0,51;-0,02;0,42;0,81;ns;ns
P04209;;;Ig lambda chain V-II region NIG-84;-0,49;-0,15;0,29;0,84;sign;ns
P01702;;;Ig lambda chain V-I region NIG-64;-0,38;-0,37;0,79;0,54;ns;ns
P04434;;;Ig kappa chain V-III region VH;-0,45;-0,75;0,62;0,81;sign;ns
P01610;;;Ig kappa chain V-I region WEA;-0,61;-0,01;0,47;0,98;sign;ns
P01625;;;Ig kappa chain V-IV region Len;-0,59;-0,60;0,36;1,12;sign;ns
P01608;;;Ig kappa chain V-I region Roy;-0,52;-0,06;0,36;0,86;sign;ns
P01617;;;Ig kappa chain V-II region TEW;-0,51;-0,56;0,18;1,02;sign;ns
P01596;;;Ig kappa chain V-I region CAR;-0,51;-0,32;0,55;0,84;sign;ns
P01621;;;Ig kappa chain V-III region NG9;-0,56;-0,37;0,52;0,96;sign;ns
P01609;;;Ig kappa chain V-I region Scw;-0,51;-0,33;0,63;0,83;sign;ns
P01616;;;Ig kappa chain V-II region MIL;-0,35;-0,56;0,45;0,64;sign;ns
P04208;;;Ig lambda chain V-I region WAH;-0,45;-0,43;0,87;0,66;sign;ns
P01779;;;Ig heavy chain V-III region TUR;-0,45;-0,52;0,58;0,77;sign;ns
P01605;;;Ig kappa chain V-I region Lay;-0,36;-0,72;0,55;0,66;sign;ns
P01612;;;Ig kappa chain V-I region Mev;-0,44;-0,46;0,58;0,73;sign;ns
P04206;;;Ig kappa chain V-III region GOL;-0,53;-0,43;0,85;0,82;sign;ns
P01776;;;Ig heavy chain V-III region WAS;-0,26;-0,42;0,31;0,49;ns;ns
P01613;;;Ig kappa chain V-I region Ni;-0,42;-0,69;1,00;0,63;sign;ns
P01769;;;Ig heavy chain V-III region GA;-0,44;-0,89;1,04;0,71;sign;ns
P0CG05;;;Ig lambda-2 chain C regions;-0,51;-0,21;0,99;0,69;sign;ns
P01765;;;Ig heavy chain V-III region TIL;-0,44;0,01;0,83;0,56;ns;ns
P01598;;;Ig kappa chain V-I region EU;-0,40;0,11;0,27;0,63;ns;ns
P01771;;;Ig heavy chain V-III region HIL;-0,32;-0,48;0,68;0,50;sign;ns
Q6WRI0;ENSG00000152580;IGSF10;Immunoglobulin superfamily member 10;-0,04;-0,03;0,48;-0,07;ns;ns
Q96ID5;ENSG00000117154;IGSF21;Immunoglobulin superfamily member 21;0,08;0,44;-0,92;0,02;ns;ns
Q969P0;ENSG00000162729;IGSF8;Immunoglobulin superfamily member 8;0,41;0,48;-0,50;-0,72;sign;ns
Q9HB29;ENSG00000115598;IL1RL2;Interleukin-1 receptor-like 2;-0,18;-0,44;0,98;0,14;sign;ns
P40189;ENSG00000134352;IL6ST;Interleukin-6 receptor subunit beta;0,18;0,19;-0,41;-0,25;ns;ns
Q9NX62;ENSG00000104331;IMPAD1;Inositol monophosphatase 3;-0,25;-0,62;0,69;0,39;sign;ns
O95373;ENSG00000205339;IPO7;Importin-7;0,18;-1,09;-0,38;0,04;ns;ns
O14498;ENSG00000129009;ISLR;Immunoglobulin superfamily containing leucine-rich repeat protein;-0,16;-0,70;1,08;0,14;sign;sign
P56199;ENSG00000213949;ITGA1;Integrin alpha-1;-0,32;-0,45;0,73;0,47;sign;ns
P26006;ENSG00000005884;ITGA3;Integrin alpha-3;0,02;-0,98;0,28;0,12;ns;ns
P19827;ENSG00000055957;ITIH1;Inter-alpha-trypsin inhibitor heavy chain H1;-0,23;-0,86;1,20;0,27;sign;ns
P19823;ENSG00000151655;ITIH2;Inter-alpha-trypsin inhibitor heavy chain H2;-0,22;-0,89;1,16;0,27;sign;sign
Q14624;ENSG00000055955;ITIH4;35 kDa inter-alpha-trypsin inhibitor heavy chain H4;-0,30;-0,74;1,35;0,32;sign;ns
Q86UX2;;ITIH5;Inter-alpha-trypsin inhibitor heavy chain H5;-0,01;-0,33;0,12;0,05;ns;ns
Q9Y287;ENSG00000136156;ITM2B;BRI2 intracellular domain;-0,05;0,04;0,24;0,02;ns;ns
P23458;ENSG00000162434;JAK1;Tyrosine-protein kinase JAK1;-0,20;-0,34;1,01;0,15;ns;ns
P57087;ENSG00000154721;JAM2;Junctional adhesion molecule B;0,12;0,41;0,23;-0,39;ns;ns
P01591;ENSG00000132465;JCHAIN;Immunoglobulin J chain;-0,49;0,00;0,46;0,75;ns;ns
Q15046;ENSG00000065427;KARS;Lysine--tRNA ligase;-0,06;-0,01;-0,07;0,13;ns;ns
Q8WVF5;ENSG00000180332;KCTD4;BTB/POZ domain-containing protein KCTD4;-0,07;-0,41;0,68;0,03;ns;ns
Q5VYK3;ENSG00000136813;KIAA0368;Proteasome-associated protein ECM29 homolog;-0,07;-0,11;0,44;0,02;ns;ns
P10721;ENSG00000157404;KIT;Mast/stem cell growth factor receptor Kit;0,20;0,17;-0,84;-0,16;ns;ns
O95198;ENSG00000109466;KLHL2;Kelch-like protein 2;0,01;-0,58;0,13;0,07;ns;ns
Q9UBX7;ENSG00000167757;KLK11;Kallikrein-11;-0,09;0,05;0,19;0,10;ns;ns
Q92876;ENSG00000167755;KLK6;Kallikrein-6;0,17;0,19;0,15;-0,40;ns;ns
P03952;ENSG00000164344;KLKB1;Plasma kallikrein;-0,27;-0,83;1,40;0,27;sign;sign
P01042;ENSG00000113889;KNG1;Bradykinin;-0,28;-0,94;1,33;0,33;sign;ns
Q5T749;ENSG00000203786;KPRP;Keratinocyte proline-rich protein;-0,23;-0,31;0,83;0,24;ns;ns
P04264;ENSG00000167768;KRT1;Keratin, type II cytoskeletal 1;-0,18;-0,21;0,62;0,20;ns;ns
P13645;ENSG00000186395;KRT10;Keratin, type I cytoskeletal 10;-0,20;-0,22;0,61;0,24;ns;ns
P13646;ENSG00000171401;KRT13;Keratin, type I cytoskeletal 13;-0,10;-0,66;0,47;0,21;sign;ns
P02533;ENSG00000186847;KRT14;Keratin, type I cytoskeletal 14;-0,18;-0,06;0,70;0,13;ns;ns
P08779;ENSG00000186832;KRT16;Keratin, type I cytoskeletal 16;-0,15;-0,26;0,42;0,22;ns;ns
Q04695;ENSG00000128422;KRT17;Keratin, type I cytoskeletal 17;-0,13;-0,39;0,86;0,07;ns;ns
P35908;ENSG00000172867;KRT2;Keratin, type II cytoskeletal 2 epidermal;-0,22;-0,27;0,57;0,29;ns;ns
Q15323;ENSG00000094796;KRT31;Keratin, type I cuticular Ha1;-0,09;-0,50;-0,45;0,41;ns;ns
P19013;ENSG00000170477;KRT4;Keratin, type II cytoskeletal 4;-0,27;-0,52;0,70;0,40;ns;ns
P13647;ENSG00000186081;KRT5;Keratin, type II cytoskeletal 5;-0,30;-0,31;0,61;0,44;ns;ns
P02538;ENSG00000205420;KRT6A;Keratin, type II cytoskeletal 6A;-0,10;-0,11;0,32;0,11;ns;ns
O95678;ENSG00000170454;KRT75;Keratin, type II cytoskeletal 75;-0,09;-0,23;0,15;0,17;ns;ns
Q8N1N4;ENSG00000170423;KRT78;Keratin, type II cytoskeletal 78;0,02;-0,53;0,02;0,08;ns;ns
Q9NSB4;ENSG00000161850;KRT82;Keratin, type II cuticular Hb2;-0,07;-1,14;0,64;0,20;sign;ns
P35527;ENSG00000171403;KRT9;Keratin, type I cytoskeletal 9;-0,18;-0,31;0,77;0,17;ns;ns
P32004;ENSG00000198910;L1CAM;Neural cell adhesion molecule L1;0,36;0,46;-1,00;-0,47;sign;ns
P24043;ENSG00000196569;LAMA2;Laminin subunit alpha-2;-0,12;0,28;0,56;-0,02;ns;ns
P07942;ENSG00000091136;LAMB1;Laminin subunit beta-1;-0,05;0,48;-0,43;0,11;ns;ns
Q13751;ENSG00000196878;LAMB3;Laminin subunit beta-3;0,11;0,00;-0,43;-0,08;ns;ns
P11047;ENSG00000135862;LAMC1;Laminin subunit gamma-1;-0,06;-0,39;0,00;0,19;ns;ns
P11279;ENSG00000185896;LAMP1;Lysosome-associated membrane glycoprotein 1;0,03;0,03;-0,64;0,14;ns;ns
P13473;ENSG00000005893;LAMP2;Lysosome-associated membrane glycoprotein 2;0,27;0,24;-0,59;-0,38;ns;ns
Q4G0J3;ENSG00000174720;LARP7;La-related protein 7;-0,27;-0,51;0,90;0,34;ns;ns
P18428;ENSG00000129988;LBP;Lipopolysaccharide-binding protein;-0,11;-0,55;0,74;0,10;sign;ns
P04180;ENSG00000213398;LCAT;Phosphatidylcholine-sterol acyltransferase;0,18;0,20;-0,63;-0,18;ns;ns
P00338;ENSG00000134333;LDHA;L-lactate dehydrogenase A chain;0,22;0,55;-0,62;-0,34;ns;ns
P07195;ENSG00000111716;LDHB;L-lactate dehydrogenase B chain;0,04;0,20;0,03;-0,13;ns;ns
Q86YD5;ENSG00000179241;LDLRAD3;Low-density lipoprotein receptor class A domain-containing protein 3;-0,15;-0,30;0,46;0,21;ns;ns
Q8NES3;ENSG00000106003;LFNG;Beta-1,3-N-acetylglucosaminyltransferase lunatic fringe;0,25;0,06;-0,72;-0,26;ns;ns
P09382;ENSG00000100097;LGALS1;Galectin-1;-0,18;-0,01;0,50;0,19;ns;ns
Q08380;ENSG00000108679;LGALS3BP;Galectin-3-binding protein;-0,37;-0,87;0,95;0,59;sign;ns
P58513;;LINC00158;Putative uncharacterized protein encoded by LINC00158;-0,05;0,12;0,17;0,01;ns;ns
Q96FE5;ENSG00000169783;LINGO1;Leucine-rich repeat and immunoglobulin-like domain-containing nogo receptor-interacting protein 1;0,18;-0,17;-0,57;-0,12;ns;ns
P49257;ENSG00000074695;LMAN1;Protein ERGIC-53;0,02;-0,06;-0,34;0,07;ns;ns
Q12907;ENSG00000169223;LMAN2;Vesicular integral-membrane protein VIP36;-0,27;-0,22;0,56;0,38;ns;ns
P08519;ENSG00000198670;LPA;Apolipoprotein(a);-0,05;-0,18;0,73;-0,08;ns;ns
P02750;ENSG00000171236;LRG1;Leucine-rich alpha-2-glycoprotein;-0,21;-0,66;1,23;0,18;sign;ns
Q07954;ENSG00000123384;LRP1;Low-density lipoprotein receptor-related protein 1 515 kDa subunit;-0,24;-0,38;1,45;0,09;sign;ns
Q8TF66;ENSG00000172061;LRRC15;Leucine-rich repeat-containing protein 15;-0,17;-0,41;0,14;0,36;ns;ns
Q9NT99;ENSG00000131409;LRRC4B;Leucine-rich repeat-containing protein 4B;0,22;0,22;-0,50;-0,31;ns;ns
Q13449;ENSG00000185565;LSAMP;Limbic system-associated membrane protein;0,23;0,22;-0,57;-0,30;ns;ns
Q14766;ENSG00000049323;LTBP1;Latent-transforming growth factor beta-binding protein 1;0,01;0,31;0,53;-0,24;ns;ns
Q14767;ENSG00000119681;LTBP2;Latent-transforming growth factor beta-binding protein 2;-0,13;-0,59;0,62;0,18;sign;ns
Q8N2S1;ENSG00000090006;LTBP4;Latent-transforming growth factor beta-binding protein 4;-0,01;0,17;-0,18;0,03;ns;ns
P51884;ENSG00000139329;LUM;Lumican;-0,36;-0,71;1,20;0,46;sign;ns
O94772;ENSG00000176956;LY6H;Lymphocyte antigen 6H;0,20;0,31;-0,67;-0,24;ns;ns
O95711;ENSG00000112799;LY86;Lymphocyte antigen 86;-0,01;0,41;-0,33;0,01;ns;ns
Q9BZG9;ENSG00000180155;LYNX1;Ly-6/neurotoxin-like protein 1;0,16;0,36;-0,29;-0,30;ns;ns
Q9Y5Y7;ENSG00000133800;LYVE1;Lymphatic vessel endothelial hyaluronic acid receptor 1;0,30;0,11;0,19;-0,64;ns;ns
P61626;ENSG00000090382;LYZ;Lysozyme C;-0,41;-0,32;1,02;0,53;sign;ns
P20916;ENSG00000105695;MAG;Myelin-associated glycoprotein;-0,15;-0,02;-0,02;0,28;ns;ns
P33908;ENSG00000111885;MAN1A1;Mannosyl-oligosaccharide 1,2-alpha-mannosidase IA;-0,17;0,32;0,08;0,22;ns;ns
Q9NR34;ENSG00000117643;MAN1C1;Mannosyl-oligosaccharide 1,2-alpha-mannosidase IC;0,05;-0,06;-0,44;0,05;ns;ns
P49641;ENSG00000196547;MAN2A2;Alpha-mannosidase 2x;0,27;0,05;-0,30;-0,41;ns;ns
Q9H8J5;ENSG00000111261;MANSC1;MANSC domain-containing protein 1;0,28;0,25;-0,73;-0,36;ns;ns
P48740;ENSG00000127241;MASP1;Mannan-binding lectin serine protease 1;-0,26;0,02;-0,04;0,48;ns;ns
O00187;ENSG00000009724;MASP2;Mannan-binding lectin serine protease 2;-0,24;-0,48;1,12;0,21;sign;ns
P02144;ENSG00000198125;MB;Myoglobin;0,14;-0,33;0,05;-0,19;ns;ns
P43121;ENSG00000076706;MCAM;Cell surface glycoprotein MUC18;-0,01;0,32;0,32;-0,16;ns;ns
Q8NI22;ENSG00000180398;MCFD2;Multiple coagulation factor deficiency protein 2;-0,16;0,32;1,08;-0,10;ns;ns
P40925;ENSG00000014641;MDH1;Malate dehydrogenase, cytoplasmic;0,07;-0,81;0,62;-0,13;ns;ns
Q96KG7;ENSG00000145794;MEGF10;Multiple epidermal growth factor-like domains protein 10;0,32;0,24;-0,50;-0,49;sign;ns
Q7Z7M0;ENSG00000105429;MEGF8;Multiple epidermal growth factor-like domains protein 8;0,20;-0,28;-0,59;-0,12;ns;ns
Q9H1U4;ENSG00000106780;MEGF9;Multiple epidermal growth factor-like domains protein 9;0,10;-0,22;0,07;-0,15;ns;ns
Q641Q3;ENSG00000176845;METRNL;Meteorin-like protein;-0,03;0,05;0,20;-0,01;ns;ns
P55001;ENSG00000117122;MFAP2;Microfibrillar-associated protein 2;-0,02;0,07;0,14;-0,02;ns;ns
P55083;ENSG00000166482;MFAP4;Microfibril-associated glycoprotein 4;-0,18;-0,58;0,35;0,35;ns;ns
Q08431;ENSG00000140545;MFGE8;Lactadherin;-0,46;-0,52;0,96;0,68;sign;ns
P08493;ENSG00000111341;MGP;Matrix Gla protein;-0,23;-0,25;0,21;0,42;ns;ns
P14174;ENSG00000240972;MIF;Macrophage migration inhibitory factor;-0,13;0,01;0,88;-0,02;ns;ns
Q9UNW1;ENSG00000107789;MINPP1;Multiple inositol polyphosphate phosphatase 1;-0,10;0,24;0,43;0,00;ns;ns
P50281;ENSG00000157227;MMP14;Matrix metalloproteinase-14;-0,01;0,06;0,09;-0,02;ns;ns
P51512;ENSG00000156103;MMP16;Matrix metalloproteinase-16;-0,34;-0,53;0,67;0,55;sign;ns
P08253;ENSG00000087245;MMP2;72 kDa type IV collagenase;-0,19;-0,43;0,55;0,29;sign;ns
Q9H8L6;ENSG00000173269;MMRN2;Multimerin-2;0,13;0,27;0,44;-0,43;ns;ns
Q16653;ENSG00000204655;MOG;Myelin-oligodendrocyte glycoprotein;-0,06;0,47;0,13;-0,04;ns;ns
P22897;ENSG00000260314;MRC1;Macrophage mannose receptor 1;-0,03;-0,14;-0,12;0,12;ns;ns
Q9UBG0;ENSG00000011028;MRC2;C-type mannose receptor 2;0,16;-0,57;-0,42;-0,02;ns;ns
P26038;ENSG00000147065;MSN;Moesin;0,02;0,08;-0,52;0,10;ns;ns
Q9Y3D2;ENSG00000148450;MSRB2;Methionine-R-sulfoxide reductase B2, mitochondrial;-0,15;-0,25;0,45;0,20;ns;ns
P26927;;MST1;Hepatocyte growth factor-like protein;-0,03;-0,17;0,74;-0,12;ns;ns
Q7Z5P9;;MUC19;Mucin-19;-0,29;-0,72;0,78;0,46;sign;ns
Q9HC84;ENSG00000117983;MUC5B;Mucin-5B;-0,18;-0,60;0,29;0,39;ns;ns
P84157;ENSG00000182534;MXRA7;Matrix-remodeling-associated protein 7;0,06;0,39;0,34;-0,31;ns;ns
Q8IZF0;ENSG00000102452;NALCN;Sodium leak channel non-selective protein;-0,19;-0,39;0,72;0,23;ns;ns
A2RRP1;ENSG00000151779;NBAS;Neuroblastoma-amplified sequence;-0,13;-0,36;1,09;0,00;ns;ns
P41271;ENSG00000158747;NBL1;Neuroblastoma suppressor of tumorigenicity 1;0,15;0,24;-0,21;-0,28;ns;ns
P13591;ENSG00000149294;NCAM1;Neural cell adhesion molecule 1;0,13;0,23;0,05;-0,31;ns;ns
O15394;ENSG00000154654;NCAM2;Neural cell adhesion molecule 2;0,11;-0,27;0,41;-0,27;ns;ns
O14594;ENSG00000130287;NCAN;Neurocan core protein;0,27;0,17;-0,71;-0,31;ns;ns
Q9UN36;ENSG00000165795;NDRG2;Protein NDRG2;-0,13;-0,06;-0,41;0,38;ns;ns
Q15223;ENSG00000110400;NECTIN1;Poliovirus receptor-related protein 1;0,10;0,13;-0,23;-0,14;ns;ns
Q7Z3B1;ENSG00000172260;NEGR1;Neuronal growth regulator 1;0,32;-0,20;-0,79;-0,30;ns;ns
Q99435;ENSG00000184613;NELL2;Protein kinase C-binding protein NELL2;0,32;0,40;-0,84;-0,42;ns;ns
Q9UMX5;ENSG00000117691;NENF;Neudesin;-0,17;0,12;0,26;0,21;ns;ns
Q92859;ENSG00000067141;NEO1;Neogenin;-0,21;-0,54;0,99;0,21;ns;ns
O94856;ENSG00000163531;NFASC;Neurofascin;0,35;0,21;-0,91;-0,42;ns;ns
Q9UMS0;ENSG00000169599;NFU1;NFU1 iron-sulfur cluster scaffold homolog, mitochondrial;-0,12;0,37;0,57;-0,04;ns;ns
P14543;ENSG00000116962;NID1;Nidogen-1;-0,30;0,26;0,44;0,35;ns;ns
Q14112;ENSG00000087303;NID2;Nidogen-2;-0,22;-0,06;1,19;0,06;ns;ns
Q6KC79;ENSG00000164190;NIPBL;Nipped-B-like protein;-0,22;-0,19;0,80;0,21;ns;ns
P48745;ENSG00000136999;NOV;Protein NOV homolog;-0,13;0,25;0,45;0,05;ns;ns
P61916;ENSG00000119655;NPC2;Epididymal secretory protein E1;-0,36;0,11;0,42;0,50;ns;ns
Q9NQX5;ENSG00000107281;NPDC1;Neural proliferation differentiation and control protein 1;0,37;0,21;-0,57;-0,56;sign;ns
P23582;ENSG00000163273;NPPC;CNP-22;0,26;0,29;-0,72;-0,33;ns;ns
Q9Y639;ENSG00000156642;NPTN;Neuroplastin;-0,01;0,15;0,60;-0,21;ns;ns
Q15818;ENSG00000171246;NPTX1;Neuronal pentraxin-1;0,41;0,36;-0,70;-0,63;sign;ns
P47972;ENSG00000106236;NPTX2;Neuronal pentraxin-2;0,35;0,28;-0,84;-0,46;sign;ns
O95502;ENSG00000221890;NPTXR;Neuronal pentraxin receptor;0,19;0,03;-0,45;-0,22;ns;ns
P01303;ENSG00000122585;NPY;C-flanking peptide of NPY;0,10;0,23;0,10;-0,27;ns;ns
Q92823;ENSG00000091129;NRCAM;Neuronal cell adhesion molecule;0,33;0,29;-0,79;-0,43;ns;ns
P56975;ENSG00000185737;NRG3;Neuregulin-3;0,24;0,62;-0,93;-0,31;sign;ns
Q9NPD7;ENSG00000124785;NRN1;Neuritin;0,22;0,33;0,16;-0,53;ns;ns
Q9ULB1;ENSG00000179915;NRXN1;Neurexin-1;0,41;0,34;-0,87;-0,57;sign;ns
Q9P2S2;ENSG00000110076;NRXN2;Neurexin-2;0,48;0,20;-1,09;-0,59;sign;ns
Q9HDB5;ENSG00000021645;NRXN3;Neurexin-3-beta;0,18;0,21;-0,35;-0,27;ns;ns
Q9Y4C0;ENSG00000021645;NRXN3;Neurexin-3;0,17;-0,02;-0,25;-0,22;ns;ns
Q96L73;ENSG00000165671;NSD1;Histone-lysine N-methyltransferase, H3 lysine-36 and H4 lysine-20 specific;-0,04;-0,44;0,24;0,11;ns;ns
Q9P121;ENSG00000182667;NTM;Neurotrimin;0,21;0,33;-0,79;-0,23;ns;ns
Q9Y2I2;ENSG00000162631;NTNG1;Netrin-G1;-0,18;-0,25;0,46;0,26;ns;ns
Q16620;ENSG00000148053;NTRK2;BDNF/NT-3 growth factors receptor;0,14;0,20;-0,68;-0,10;ns;ns
Q16288;ENSG00000140538;NTRK3;NT-3 growth factor receptor;-0,11;0,49;0,26;0,01;ns;ns
Q02818;ENSG00000104805;NUCB1;Nucleobindin-1;-0,26;0,01;0,60;0,30;ns;ns
P50583;ENSG00000164978;NUDT2;Bis(5'-nucleosyl)-tetraphosphatase [asymmetrical];-0,16;0,11;0,66;0,06;ns;ns
P61970;ENSG00000102898;NUTF2;Nuclear transport factor 2;0,13;0,18;-0,31;-0,19;ns;ns
Q86UD1;ENSG00000184232;OAF;Out at first protein homolog;-0,36;-0,30;0,78;0,50;ns;ns
Q5VST9;ENSG00000154358;OBSCN;Obscurin;-0,23;-0,45;0,63;0,33;ns;ns
P20774;ENSG00000106809;OGN;Mimecan;-0,30;0,09;0,35;0,43;ns;ns
Q99784;ENSG00000130558;OLFM1;Noelin;0,45;0,50;-0,58;-0,77;sign;ns
Q9NRN5;ENSG00000116774;OLFML3;Olfactomedin-like protein 3;-0,05;0,37;-1,18;0,37;ns;ns
Q99983;ENSG00000127083;OMD;Osteomodulin;-0,45;0,09;0,04;0,79;sign;ns
P23515;ENSG00000126861;OMG;Oligodendrocyte-myelin glycoprotein;0,38;0,09;-1,10;-0,39;ns;ns
Q14982;ENSG00000183715;OPCML;Opioid-binding protein/cell adhesion molecule;0,29;0,18;-0,41;-0,45;ns;ns
P02763;ENSG00000229314;ORM1;Alpha-1-acid glycoprotein 1;-0,20;-0,85;1,40;0,14;sign;ns
P19652;ENSG00000228278;ORM2;Alpha-1-acid glycoprotein 2;-0,24;-0,91;1,31;0,25;sign;ns
Q8IYS5;ENSG00000170909;OSCAR;Osteoclast-associated immunoglobulin-like receptor;-0,08;0,45;-0,62;0,23;ns;ns
O96013;ENSG00000130669;PAK4;Serine/threonine-protein kinase PAK 4;-0,12;-0,52;0,17;0,30;ns;ns
P19021;ENSG00000145730;PAM;Peptidyl-alpha-hydroxyglycine alpha-amidating lyase;0,02;-0,35;0,65;-0,15;ns;ns
O95428;ENSG00000100767;PAPLN;Papilin;-0,03;0,36;0,22;-0,09;ns;ns
Q99497;ENSG00000116288;PARK7;Protein DJ-1;0,07;0,57;-0,34;-0,15;ns;ns
Q8NI35;ENSG00000132849;PATJ;InaD-like protein;-0,28;-0,37;0,83;0,35;sign;ns
Q08174;ENSG00000156453;PCDH1;Protocadherin-1;-0,19;-1,22;0,90;0,36;sign;ns
O60245;ENSG00000169851;PCDH7;Protocadherin-7;0,23;0,64;-0,64;-0,38;sign;ns
Q9HC56;ENSG00000184226;PCDH9;Protocadherin-9;0,04;-0,16;-0,05;-0,03;ns;ns
Q9Y5I4;ENSG00000243232;PCDHAC2;Protocadherin alpha-C2;0,26;0,39;-0,91;-0,30;sign;ns
Q9Y5F6;ENSG00000240764;PCDHGC5;Protocadherin gamma-C5;-0,15;-0,65;0,39;0,31;sign;ns
P22061;ENSG00000120265;PCMT1;Protein-L-isoaspartate(D-aspartate) O-methyltransferase;-0,03;0,51;0,18;-0,12;ns;ns
Q15113;ENSG00000106333;PCOLCE;Procollagen C-endopeptidase enhancer 1;-0,15;-0,53;0,50;0,24;ns;ns
P29120;ENSG00000175426;PCSK1;Neuroendocrine convertase 1;0,18;-0,04;-0,41;-0,20;ns;ns
Q9UHG2;ENSG00000102109;PCSK1N;Big LEN;0,34;0,42;-0,35;-0,62;sign;ns
P04085;ENSG00000197461;PDGFA;Platelet-derived growth factor subunit A;-0,07;0,10;0,40;-0,02;ns;ns
P09619;ENSG00000113721;PDGFRB;Platelet-derived growth factor receptor beta;-0,12;-0,16;-0,10;0,29;ns;ns
P30101;ENSG00000167004;PDIA3;Protein disulfide-isomerase A3;0,06;0,12;-0,43;-0,02;ns;ns
P30086;ENSG00000089220;PEBP1;Hippocampal cholinergic neurostimulating peptide;-0,01;-0,12;0,52;-0,12;ns;ns
Q96S96;ENSG00000134020;PEBP4;Phosphatidylethanolamine-binding protein 4;-0,12;-0,36;0,21;0,24;ns;ns
P01210;ENSG00000181195;PENK;Leu-enkephalin;0,20;0,11;-0,01;-0,40;ns;ns
P07737;ENSG00000108518;PFN1;Profilin-1;-0,10;0,06;0,22;0,11;ns;ns
P15259;ENSG00000164708;PGAM2;Phosphoglycerate mutase 2;0,16;0,38;-0,16;-0,33;ns;ns
P00558;ENSG00000102144;PGK1;Phosphoglycerate kinase 1;-0,20;0,41;0,37;0,16;ns;ns
Q96PD5;ENSG00000161031;PGLYRP2;N-acetylmuramoyl-L-alanine amidase;-0,30;-0,49;1,18;0,31;sign;ns
Q6UXB8;ENSG00000164530;PI16;Peptidase inhibitor 16;-0,35;-0,28;0,83;0,46;sign;ns
P01833;ENSG00000162896;PIGR;Polymeric immunoglobulin receptor;-0,22;-0,20;0,73;0,24;ns;ns
Q96FE7;ENSG00000100100;PIK3IP1;Phosphoinositide-3-kinase-interacting protein 1;0,05;0,24;0,12;-0,19;ns;ns
P12273;ENSG00000159763;PIP;Prolactin-inducible protein;-0,10;-0,27;0,65;0,05;ns;ns
Q9NZM6;ENSG00000078795;PKD2L2;Polycystic kidney disease 2-like 2 protein;0,17;0,60;-0,45;-0,32;ns;ns
P14618;ENSG00000067225;PKM;Pyruvate kinase PKM;-0,03;0,36;0,39;-0,14;ns;ns
Q15111;ENSG00000115896;PLCL1;Inactive phospholipase C-like protein 1;-0,20;-0,27;0,58;0,25;ns;ns
Q8IV08;ENSG00000105223;PLD3;Phospholipase D3;0,36;0,11;-1,45;-0,25;ns;ns
Q15149;ENSG00000178209;PLEC;Plectin;-0,63;-0,10;0,32;1,08;sign;ns
P00747;ENSG00000122194;PLG;Activation peptide;-0,31;-0,92;1,32;0,38;sign;ns
P55058;ENSG00000100979;PLTP;Phospholipid transfer protein;-0,30;-0,43;0,51;0,50;ns;ns
Q8IUK5;ENSG00000161381;PLXDC1;Plexin domain-containing protein 1;0,00;-0,07;-0,25;0,10;ns;ns
Q6UX71;ENSG00000120594;PLXDC2;Plexin domain-containing protein 2;-0,28;0,54;-0,18;0,44;ns;ns
O15031;ENSG00000196576;PLXNB2;Plexin-B2;-0,24;-0,71;0,77;0,37;sign;ns
Q9NZ53;ENSG00000114631;PODXL2;Podocalyxin-like protein 2;0,08;0,55;-0,30;-0,18;ns;ns
Q8WZA1;ENSG00000085998;POMGNT1;Protein O-linked-mannose beta-1,2-N-acetylglucosaminyltransferase 1;0,31;0,49;-0,56;-0,52;sign;ns
P27169;ENSG00000005421;PON1;Serum paraoxonase/arylesterase 1;-0,08;-0,91;0,60;0,17;sign;ns
P62937;ENSG00000196262;PPIA;Peptidyl-prolyl cis-trans isomerase A;-0,21;-0,56;0,77;0,28;sign;ns
P23284;ENSG00000166794;PPIB;Peptidyl-prolyl cis-trans isomerase B;-0,08;-0,54;0,45;0,14;ns;ns
Q6NUP7;ENSG00000119698;PPP4R4;Serine/threonine-protein phosphatase 4 regulatory subunit 4;-0,23;-0,41;0,79;0,27;sign;ns
Q96QH2;ENSG00000133246;PRAM1;PML-RARA-regulated adapter molecule 1;-0,18;-0,51;0,53;0,29;ns;ns
P42785;ENSG00000137509;PRCP;Lysosomal Pro-X carboxypeptidase;0,09;-0,34;0,27;-0,17;ns;ns
Q06830;ENSG00000117450;PRDX1;Peroxiredoxin-1;0,02;0,20;-0,34;0,01;ns;ns
P32119;ENSG00000167815;PRDX2;Peroxiredoxin-2;0,21;0,47;-0,71;-0,27;sign;ns
P51888;ENSG00000188783;PRELP;Prolargin;-0,15;0,66;0,11;0,09;ns;ns
Q92954;ENSG00000116690;PRG4;Proteoglycan 4;-0,11;-0,34;0,43;0,15;ns;ns
P14314;ENSG00000130175;PRKCSH;Glucosidase 2 subunit beta;0,04;0,30;-0,35;-0,03;ns;ns
P04156;ENSG00000171867;PRNP;Major prion protein;0,26;0,15;-0,46;-0,38;ns;ns
P04070;ENSG00000115718;PROC;Activation peptide;0,15;0,14;-0,37;-0,19;ns;ns
Q9UNN8;ENSG00000101000;PROCR;Endothelial protein C receptor;0,03;0,20;-0,17;-0,05;ns;ns
P07225;ENSG00000184500;PROS1;Vitamin K-dependent protein S;-0,33;-0,25;1,23;0,29;sign;ns
O94906;ENSG00000101161;PRPF6;Pre-mRNA-processing factor 6;-0,53;-0,15;0,41;0,88;sign;ns
Q7Z6L0;ENSG00000167371;PRRT2;Proline-rich transmembrane protein 2;0,24;-0,19;-0,32;-0,30;ns;ns
Q5FWE3;ENSG00000163704;PRRT3;Proline-rich transmembrane protein 3;-0,13;-0,38;0,15;0,28;ns;ns
P24158;ENSG00000196415;PRTN3;Myeloblastin;0,08;0,08;0,42;-0,30;ns;ns
P07602;ENSG00000197746;PSAP;Proactivator polypeptide;0,25;0,34;-0,65;-0,35;ns;ns
P41222;ENSG00000107317;PTGDS;Prostaglandin-H2 D-isomerase;-0,22;-0,47;0,77;0,28;sign;ns
P21246;ENSG00000105894;PTN;Pleiotrophin;0,03;0,05;-0,04;-0,05;ns;ns
Q05209;ENSG00000127947;PTPN12;Tyrosine-protein phosphatase non-receptor type 12;-0,22;-0,71;0,95;0,28;sign;ns
P23468;ENSG00000153707;PTPRD;Receptor-type tyrosine-protein phosphatase delta;0,35;0,63;-0,56;-0,63;sign;ns
P10586;ENSG00000142949;PTPRF;Receptor-type tyrosine-protein phosphatase F;0,20;0,42;-0,62;-0,28;ns;ns
P23470;ENSG00000144724;PTPRG;Receptor-type tyrosine-protein phosphatase gamma;0,18;0,38;-0,49;-0,27;ns;ns
Q16849;ENSG00000054356;PTPRN;Receptor-type tyrosine-protein phosphatase-like N;0,09;0,17;-0,40;-0,08;ns;ns
Q92932;ENSG00000155093;PTPRN2;Receptor-type tyrosine-protein phosphatase N2;0,39;0,43;-0,84;-0,56;sign;ns
Q13332;ENSG00000105426;PTPRS;Receptor-type tyrosine-protein phosphatase S;0,25;0,21;0,03;-0,52;ns;ns
P23471;ENSG00000106278;PTPRZ1;Receptor-type tyrosine-protein phosphatase zeta;-0,19;-0,23;0,34;0,29;ns;ns
P15151;ENSG00000073008;PVR;Poliovirus receptor;0,16;0,51;0,07;-0,43;ns;ns
P09417;ENSG00000151552;QDPR;Dihydropteridine reductase;0,01;0,04;0,32;-0,13;ns;ns
Q16769;ENSG00000115828;QPCT;Glutaminyl-peptide cyclotransferase;-0,03;-0,40;-0,47;0,29;ns;ns
O00391;ENSG00000116260;QSOX1;Sulfhydryl oxidase 1;-0,16;-0,04;0,47;0,17;ns;ns
Q6WKZ4;ENSG00000156675;RAB11FIP1;Rab11 family-interacting protein 1;-0,02;0,37;-0,14;-0,01;ns;ns
Q99969;ENSG00000106538;RARRES2;Retinoic acid receptor responder protein 2;0,01;-0,18;0,55;-0,14;ns;ns
P10745;ENSG00000265203;RBP3;Retinol-binding protein 3;-0,30;-0,60;0,71;0,48;sign;ns
P02753;ENSG00000138207;RBP4;Plasma retinol-binding protein(1-176);-0,17;-0,67;1,45;0,03;sign;ns
P78509;ENSG00000189056;RELN;Reelin;0,28;-0,27;-0,56;-0,28;ns;ns
Q969Z4;ENSG00000054967;RELT;Tumor necrosis factor receptor superfamily member 19L;0,16;0,12;-0,45;-0,18;ns;ns
Q9UBZ9;ENSG00000135945;REV1;DNA repair protein REV1;-0,16;-0,91;0,55;0,34;ns;ns
Q8WZ73;ENSG00000092871;RFFL;E3 ubiquitin-protein ligase rififylin;-0,05;-0,01;0,42;-0,03;ns;ns
Q96B86;ENSG00000182175;RGMA;Repulsive guidance molecule A;0,25;0,36;-0,49;-0,40;ns;ns
Q6NW40;ENSG00000174136;RGMB;RGM domain family member B;0,22;0,07;-1,24;-0,05;ns;ns
P07998;ENSG00000129538;RNASE1;Ribonuclease pancreatic;-0,03;-0,49;0,54;0,00;ns;ns
P34096;ENSG00000258818;RNASE4;Ribonuclease 4;-0,21;0,28;0,42;0,20;ns;ns
O00584;ENSG00000026297;RNASET2;Ribonuclease T2;-0,29;0,01;0,15;0,48;ns;ns
Q63HN8;ENSG00000173821;RNF213;E3 ubiquitin-protein ligase RNF213;0,05;0,22;-0,41;-0,02;ns;ns
Q9Y6N7;ENSG00000169855;ROBO1;Roundabout homolog 1;0,25;0,32;-1,30;-0,14;ns;ns
Q9HCK4;ENSG00000185008;ROBO2;Roundabout homolog 2;-0,28;-0,61;1,04;0,34;sign;ns
Q96KN7;ENSG00000092200;RPGRIP1;X-linked retinitis pigmentosa GTPase regulator-interacting protein 1;-0,26;-0,61;0,83;0,37;sign;ns
Q9BSG5;ENSG00000132026;RTBDN;Retbindin;0,14;0,02;0,05;-0,27;ns;ns
Q9BZR6;ENSG00000040608;RTN4R;Reticulon-4 receptor;0,29;-0,01;-1,23;-0,16;ns;ns
Q86UN3;ENSG00000186907;RTN4RL2;Reticulon-4 receptor-like 2;0,46;-0,02;-0,63;-0,64;ns;ns
P06702;ENSG00000163220;S100A9;Protein S100-A9;-0,10;-0,56;0,50;0,17;ns;ns
P0DJI8;ENSG00000173432;SAA1;Amyloid protein A;-0,01;0,09;0,73;-0,22;ns;ns
P35542;ENSG00000148965;SAA4;Serum amyloid A-4 protein;-0,12;-0,71;1,15;0,03;sign;sign
P13521;ENSG00000171951;SCG2;Secretogranin-2;0,26;0,40;-0,06;-0,56;ns;ns
Q8WXD2;ENSG00000104112;SCG3;Secretogranin-3;0,29;0,68;-0,90;-0,42;sign;ns
P05408;ENSG00000166922;SCG5;C-terminal peptide;0,30;0,65;-0,62;-0,51;sign;ns
O75711;ENSG00000164106;SCRG1;Scrapie-responsive protein 1;-0,11;0,16;0,03;0,16;ns;ns
Q9NQ36;ENSG00000175356;SCUBE2;Signal peptide, CUB and EGF-like domain-containing protein 2;-0,30;-0,05;0,26;0,48;ns;ns
Q9BRK5;ENSG00000078808;SDF4;45 kDa calcium-binding protein;-0,08;0,35;-0,01;0,08;ns;ns
Q5TEA6;ENSG00000101251;SEL1L2;Protein sel-1 homolog 2;-0,25;-0,61;0,69;0,40;sign;ns
Q13228;ENSG00000143416;SELENBP1;Selenium-binding protein 1;0,06;-0,21;0,08;-0,08;ns;ns
Q8WWX9;ENSG00000198832;SELENOM;Selenoprotein M;0,22;0,40;-0,71;-0,28;sign;ns
P49908;ENSG00000250722;SELENOP;Selenoprotein P;-0,31;-0,38;0,84;0,40;sign;ns
P14151;ENSG00000188404;SELL;L-selectin;-0,16;-0,80;0,41;0,36;ns;ns
O95025;ENSG00000153993;SEMA3D;Semaphorin-3D;-0,14;-0,59;0,97;0,11;ns;ns
Q9NS98;ENSG00000010319;SEMA3G;Semaphorin-3G;0,02;0,10;-0,64;0,13;ns;ns
Q9NPR2;;SEMA4B;Semaphorin-4B;0,18;0,43;-0,46;-0,30;sign;ns
O75326;ENSG00000138623;SEMA7A;Semaphorin-7A;0,08;-0,83;0,16;0,00;ns;ns
Q9NVA2;ENSG00000138758;SEPTIN11;Septin-11;-0,05;0,42;0,27;-0,10;ns;ns
P01009;ENSG00000197249;SERPINA1;Alpha-1-antitrypsin;-0,35;-0,70;1,17;0,45;sign;ns
P01011;ENSG00000196136;SERPINA3;Alpha-1-antichymotrypsin;-0,45;-0,59;1,00;0,66;sign;ns
P29622;ENSG00000100665;SERPINA4;Kallistatin;-0,30;-0,84;1,30;0,35;sign;ns
P05154;ENSG00000188488;SERPINA5;Plasma serine protease inhibitor;-0,28;-0,64;1,02;0,35;sign;ns
P08185;ENSG00000170099;SERPINA6;Corticosteroid-binding globulin;-0,32;-0,92;1,12;0,46;sign;sign
P05543;ENSG00000123561;SERPINA7;Thyroxine-binding globulin;-0,37;-0,79;1,19;0,50;sign;ns
P01008;ENSG00000117601;SERPINC1;Antithrombin-III;-0,32;-0,74;1,20;0,40;sign;ns
P05546;ENSG00000099937;SERPIND1;Heparin cofactor 2;-0,30;-0,78;1,23;0,36;sign;ns
P36955;ENSG00000132386;SERPINF1;Pigment epithelium-derived factor;-0,27;-0,17;0,83;0,29;ns;ns
P08697;ENSG00000167711;SERPINF2;Alpha-2-antiplasmin;-0,29;-0,77;1,22;0,35;sign;ns
P05155;ENSG00000149131;SERPING1;Plasma protease C1 inhibitor;-0,43;-0,54;0,88;0,64;sign;ns
Q99574;ENSG00000163536;SERPINI1;Neuroserpin;-0,31;-0,69;1,19;0,37;sign;ns
Q53EL9;ENSG00000063015;SEZ6;Seizure protein 6 homolog;0,28;0,57;-1,13;-0,30;sign;ns
Q9BYH1;ENSG00000100095;SEZ6L;Seizure 6-like protein;0,16;-0,01;-0,44;-0,17;ns;ns
Q6UXD5;ENSG00000174938;SEZ6L2;Seizure 6-like protein 2;0,36;0,45;-0,91;-0,50;ns;ns
Q6FHJ7;ENSG00000106483;SFRP4;Secreted frizzled-related protein 4;0,00;0,10;0,11;-0,05;ns;ns
O43556;ENSG00000127990;SGCE;Epsilon-sarcoglycan;0,11;0,55;-0,50;-0,17;ns;ns
Q9H299;ENSG00000142669;SH3BGRL3;SH3 domain-binding glutamic acid-rich-like protein 3;-0,07;0,07;0,32;0,02;ns;ns
Q99963;ENSG00000140600;SH3GL3;Endophilin-A3;-0,15;-0,19;1,00;0,03;ns;ns
P04278;ENSG00000129214;SHBG;Sex hormone-binding globulin;-0,30;-0,78;0,66;0,54;sign;ns
Q6S5L8;ENSG00000185634;SHC4;SHC-transforming protein 4;-0,20;-0,82;0,66;0,35;ns;ns
Q8N114;ENSG00000164054;SHISA5;Protein shisa-5;-0,28;0,25;0,60;0,28;ns;ns
Q9UHJ6;ENSG00000197417;SHPK;Sedoheptulokinase;-0,32;-0,51;0,79;0,48;sign;ns
P78324;ENSG00000198053;SIRPA;Tyrosine-protein phosphatase non-receptor type substrate 1;0,35;-0,26;-0,77;-0,36;ns;ns
Q5M8T2;ENSG00000182747;SLC35D3;Solute carrier family 35 member D3;-0,01;0,08;-0,10;0,02;ns;ns
Q9ULF5;ENSG00000196950;SLC39A10;Zinc transporter ZIP10;0,30;0,41;-1,12;-0,32;sign;ns
P08195;ENSG00000168003;SLC3A2;4F2 cell-surface antigen heavy chain;-0,03;-0,34;0,13;0,09;ns;ns
O75093;ENSG00000187122;SLIT1;Slit homolog 1 protein;0,25;0,55;-0,68;-0,38;sign;ns
Q96PX8;ENSG00000178235;SLITRK1;SLIT and NTRK-like protein 1;0,31;0,32;-0,69;-0,44;ns;ns
Q8IW52;ENSG00000179542;SLITRK4;SLIT and NTRK-like protein 4;0,34;0,32;-1,34;-0,29;sign;ns
O94991;ENSG00000165300;SLITRK5;SLIT and NTRK-like protein 5;0,16;0,12;0,08;-0,35;ns;ns
P03973;ENSG00000124107;SLPI;Antileukoproteinase;-0,20;-0,08;0,77;0,15;ns;ns
Q9NTJ3;ENSG00000113810;SMC4;Structural maintenance of chromosomes protein 4;-0,29;-0,51;0,91;0,39;sign;ns
Q9H4F8;ENSG00000198732;SMOC1;SPARC-related modular calcium-binding protein 1;-0,04;0,49;0,12;-0,09;ns;ns
P00441;ENSG00000142168;SOD1;Superoxide dismutase [Cu-Zn];0,16;0,16;-0,23;-0,26;ns;ns
P08294;ENSG00000109610;SOD3;Extracellular superoxide dismutase [Cu-Zn];-0,16;-0,32;0,76;0,15;ns;ns
Q9UPU3;ENSG00000156395;SORCS3;VPS10 domain-containing receptor SorCS3;0,37;0,54;-0,79;-0,57;sign;ns
Q92673;ENSG00000137642;SORL1;Sortilin-related receptor;0,10;-0,25;-0,23;-0,06;ns;ns
P09486;ENSG00000113140;SPARC;SPARC;-0,29;0,17;1,02;0,19;ns;ns
Q14515;ENSG00000152583;SPARCL1;SPARC-like protein 1;-0,01;0,31;0,42;-0,19;ns;ns
Q9Y5K1;ENSG00000054796;SPO11;Meiotic recombination protein SPO11;-0,01;-0,25;-0,39;0,20;ns;ns
Q08629;ENSG00000152377;SPOCK1;Testican-1;0,14;0,18;0,06;-0,31;ns;ns
Q92563;ENSG00000107742;SPOCK2;Testican-2;-0,07;0,06;0,43;-0,01;ns;ns
Q9BQ16;ENSG00000196104;SPOCK3;Testican-3;-0,31;0,61;0,40;0,30;ns;ns
Q9HCB6;ENSG00000262655;SPON1;Spondin-1;0,05;-0,04;0,01;-0,08;ns;ns
P10451;ENSG00000118785;SPP1;Osteopontin;-0,31;0,49;-0,01;0,46;ns;ns
Q11203;ENSG00000126091;ST3GAL3;CMP-N-acetylneuraminate-beta-1,4-galactoside alpha-2,3-sialyltransferase;-0,20;-0,47;0,96;0,18;sign;ns
Q9Y274;ENSG00000064225;ST3GAL6;Type 2 lactosamine alpha-2,3-sialyltransferase;-0,52;-0,29;0,48;0,87;sign;ns
Q96JF0;ENSG00000144057;ST6GAL2;Beta-galactoside alpha-2,6-sialyltransferase 2;0,25;0,42;-0,76;-0,32;sign;ns
Q86Y82;ENSG00000117758;STX12;Syntaxin-12;0,22;0,44;-0,63;-0,31;sign;ns
Q8IWU5;ENSG00000196562;SULF2;Extracellular sulfatase Sulf-2;0,33;0,33;-0,59;-0,51;sign;ns
O60279;ENSG00000173705;SUSD5;Sushi domain-containing protein 5;0,28;0,66;-0,67;-0,46;sign;ns
P20062;ENSG00000185339;TCN2;Transcobalamin-2;-0,30;0,08;0,15;0,48;ns;ns
P02787;ENSG00000091513;TF;Serotransferrin;-0,25;-0,76;1,57;0,16;sign;sign
Q15582;ENSG00000120708;TGFBI;Transforming growth factor-beta-induced protein ig-h3;-0,31;-0,43;1,16;0,32;ns;ns
Q03167;ENSG00000069702;TGFBR3;Transforming growth factor beta receptor type 3;0,23;0,71;-0,84;-0,33;sign;ns
P07996;ENSG00000137801;THBS1;Thrombospondin-1;0,01;-0,47;-0,06;0,11;ns;ns
P35442;ENSG00000186340;THBS2;Thrombospondin-2;0,16;0,08;-0,19;-0,26;ns;ns
P35443;ENSG00000113296;THBS4;Thrombospondin-4;-0,03;0,40;0,55;-0,20;ns;ns
P04216;ENSG00000154096;THY1;Thy-1 membrane glycoprotein;0,37;0,40;-1,01;-0,48;sign;ns
P01033;ENSG00000102265;TIMP1;Metalloproteinase inhibitor 1;-0,37;-0,55;1,11;0,47;sign;ns
P16035;ENSG00000035862;TIMP2;Metalloproteinase inhibitor 2;-0,34;-0,36;1,00;0,40;sign;ns
Q9Y3B3;ENSG00000134970;TMED7;Transmembrane emp24 domain-containing protein 7;0,10;0,09;-0,02;-0,20;ns;ns
Q24JP5;ENSG00000006118;TMEM132A;Transmembrane protein 132A;0,19;0,18;-0,62;-0,21;ns;ns
Q14C87;ENSG00000151952;TMEM132D;Transmembrane protein 132D;-0,22;0,06;-0,32;0,49;ns;ns
Q66K66;ENSG00000188760;TMEM198;Transmembrane protein 198;-0,12;-0,31;0,19;0,24;ns;ns
P62328;ENSG00000205542;TMSB4X;Hematopoietic system regulatory peptide;-0,07;0,42;0,08;0,01;ns;ns
O75509;ENSG00000146072;TNFRSF21;Tumor necrosis factor receptor superfamily member 21;0,45;0,50;-0,93;-0,66;sign;ns
Q92752;ENSG00000116147;TNR;Tenascin-R;0,14;-0,41;-0,98;0,13;ns;ns
P22105;ENSG00000168477;TNXB;Tenascin-X;-0,25;-0,06;0,71;0,26;ns;ns
Q9H497;ENSG00000186283;TOR3A;Torsin-3A;-0,29;-0,42;0,79;0,40;sign;ns
P60174;ENSG00000111669;TPI1;Triosephosphate isomerase;0,23;-0,52;-0,22;-0,24;ns;ns
O14773;ENSG00000166340;TPP1;Tripeptidyl-peptidase 1;0,02;-0,48;0,05;0,07;ns;ns
Q9NZC2;ENSG00000095970;TREM2;Triggering receptor expressed on myeloid cells 2;-0,04;0,37;-0,20;0,04;ns;ns
Q2Q1W2;ENSG00000206557;TRIM71;E3 ubiquitin-protein ligase TRIM71;-0,07;-0,54;0,67;0,05;ns;ns
O75157;ENSG00000196428;TSC22D2;TSC22 domain family protein 2;-0,27;-0,70;1,15;0,31;sign;ns
Q8NG11;ENSG00000108219;TSPAN14;Tetraspanin-14;-0,25;-0,66;1,02;0,31;sign;ns
P02766;ENSG00000118271;TTR;Transthyretin;-0,34;-0,59;0,75;0,53;sign;ns
Q9GZX9;ENSG00000128791;TWSG1;Twisted gastrulation protein homolog 1;0,10;0,72;-0,72;-0,13;sign;ns
P10599;ENSG00000136810;TXN;Thioredoxin;0,10;0,12;0,41;-0,34;ns;ns
P0CG48;ENSG00000150991;UBC;Polyubiquitin-C;-0,08;0,26;0,43;-0,04;ns;ns
Q9BZM4;ENSG00000131019;ULBP3;NKG2D ligand 3;-0,11;-0,20;0,89;-0,02;ns;ns
Q6PHR2;ENSG00000140474;ULK3;Serine/threonine-protein kinase ULK3;-0,10;0,14;-0,52;0,31;ns;ns
Q6EMK4;ENSG00000168140;VASN;Vasorin;0,09;-0,32;-0,06;-0,07;ns;ns
P13611;ENSG00000038427;VCAN;Versican core protein;-0,02;0,06;-0,88;0,29;ns;ns
O15240;ENSG00000128564;VGF;Antimicrobial peptide VGF[554-577];0,20;0,46;-0,57;-0,30;ns;ns
O15195;ENSG00000136059;VILL;Villin-like protein;-0,28;-0,65;1,11;0,34;sign;ns
P08670;ENSG00000026025;VIM;Vimentin;-0,05;-0,34;0,11;0,14;ns;ns
Q5THJ4;ENSG00000048707;VPS13D;Vacuolar protein sorting-associated protein 13D;-0,01;0,08;0,36;-0,11;ns;ns
Q9Y279;ENSG00000155659;VSIG4;V-set and immunoglobulin domain-containing protein 4;-0,18;0,38;0,44;0,11;ns;ns
Q8TAG5;ENSG00000170419;VSTM2A;V-set and transmembrane domain-containing protein 2A;0,05;0,15;-0,50;0,02;ns;ns
P04004;ENSG00000109072;VTN;Somatomedin-B;-0,25;-0,61;1,32;0,21;sign;ns
Q14508;ENSG00000101443;WFDC2;WAP four-disulfide core domain protein 2;0,12;0,23;0,07;-0,29;ns;ns
Q8TEU8;ENSG00000173714;WFIKKN2;WAP, Kazal, immunoglobulin, Kunitz and NTR domain-containing protein 2;-0,08;0,31;0,05;0,05;ns;ns
Q86Y38;ENSG00000103489;XYLT1;Xylosyltransferase 1;0,08;0,47;-0,30;-0,17;ns;ns
P62258;ENSG00000108953;YWHAE;14-3-3 protein epsilon;0,06;-0,31;-0,14;0,01;ns;ns
P63104;ENSG00000164924;YWHAZ;14-3-3 protein zeta/delta;-0,05;0,01;0,37;-0,02;ns;ns
Q9BTP6;ENSG00000177494;ZBED2;Zinc finger BED domain-containing protein 2;0,06;0,69;-0,07;-0,24;ns;ns
Q9C0B5;ENSG00000156599;ZDHHC5;Palmitoyltransferase ZDHHC5;-0,19;-0,27;0,02;0,40;ns;ns
Q96DA0;ENSG00000162078;ZG16B;Zymogen granule protein 16 homolog B;0,12;-0,59;0,30;-0,17;ns;ns
Q86YA3;ENSG00000138658;ZGRF1;Uncharacterized protein C4orf21;0,00;0,17;0,39;-0,15;ns;ns
Q9Y2H8;ENSG00000081386;ZNF510;Zinc finger protein 510;-0,42;-0,08;0,33;0,70;sign;ns
Q9H7S9;ENSG00000183779;ZNF703;Zinc finger protein 703;-0,22;-0,43;1,34;0,10;sign;ns
